"path","bytes","sha256"
".gitignore","581","697700324E6732051C15B27257AAD043931FC06D8D673FA053A1C9B5186E3BE5"
"README.md","4771","0E08A919384B60C94F48B0B33BCD41105F8707D40DA2AB51615C58B049DE8FD9"
"THIRD_PARTY_NOTICES.md","1192","90BB3EBCE5BEE4DD3C257E26894454470CE183F4A3831E4CF857DFF4B6602AF1"
"docs\cleanup_20261005.txt","1286","15BFA809B69F0D294364713081D4365D8498C94535717B809F1116BF20B77009"
"docs\communication_smoke_result.txt","1459","06B2056F531A9E34CBAA4C09ED0C592B40995DBD07BD5ECF5A0648F738521FDD"
"docs\copy_manifest.csv","190486","29572C370DADF1801EEDFFE113D85226257152773DD6114A7C0263A39EF0250E"
"docs\dependency_provenance_audit.txt","2234","4D5ED3AEFB33EDD1A57F279A75E74986A35FBE6A23DDD8DE18C17B2B1F0C361E"
"docs\experiments.md","1873","D31C90E236DA18F62A0AF581B4FA08B71DCEC218B573FABA8781524907E7EAAD"
"docs\external_build_and_model_validation.txt","1820","EC5023E3B2D156D97B5A98FD2B8C2D3ABFF7D8C0326F16B8661D97814BFFD4D5"
"docs\full_stack_short_smoke.txt","1574","E2EA038AC5ED456594A40A1D3E874F299E6E10E29EB23020BF3F48569615A2F6"
"docs\full_validation_complete.txt","1758","7B90705EE8497232D589826D9596DE993A81BC2D3F111473895480967D4137EB"
"docs\isolated_build_validation.txt","1544","2F28575932215E33F10F84C7E93BF1CF5394D045FCA418D250F6E3F8F5E173EA"
"docs\launch_closure_validation.txt","1244","17D3BA1B5A3B31D39D79EE002302C76728CA383351AD982E604C7E34598A1907"
"docs\main200_recovery_audit.txt","2194","F38D932E0D09B1A3C9BDC4FFA56BFBC478E42AA50FD8993DC94C7A52EAF63391"
"docs\motion_smoke_result.txt","1562","F5F5A567AA3639A173890079A4249955CDA2FB22D99D0A613BE67AC24E20DDE9"
"docs\normal_adapter_refactor.txt","1870","661BAF66FEF309E4A0BFFF5A1621845722B697BC42E3A7E576C2A3E34E75FEC3"
"docs\operation.md","1701","0B24BA34B560B5A7C6705C38FC1259EB295E77BB0ADE82DE46F6D2DFE6DCDB54"
"docs\perception_dependency_check.txt","1688","B849B2CB0D1CE102D91F8AEF64E4B8586E76FE1D95B891A13146D78C32C880D6"
"docs\portable_entrypoint.txt","1303","72DF56FAF4FF3077F876A1554C1C7C58BBA7227F2A44D61365FA640F4BB88396"
"docs\release_checklist.md","1819","EC48C4DC2F6E32D9598D2AC84148A0A05916E662B9F4FE479AB0FA6AC347295D"
"docs\setup.md","2299","705D2858759759CFC6ED25E1A7ABF7E6926B7B728D7591C57C10B2702B377695"
"docs\staging_audit.md","2369","0FEF063D762D441EDB78F9E9D16657E794E2A5ADBF4E18C517407DDCEBE16917"
"docs\supplemental_code_cleanup.txt","1364","6249C7380F5EFF207A55D9588B7AD128A58FAD104D917E67910EBC793311292B"
"docs\unity_import_validation.txt","1170","5E191573C7075FBABB18B6AAD9B693E0C8BE4C96FA6C028C0FCF622FBE5D74A1"
"docs\video_recording_plan.txt","1801","9B79EE9A188C7A875E32A4C55C70C4F663B2432E1FA5265722091022C7490195"
"results\main_200\Batch_20260927_eighty_runs_211320\summary.csv","15103","C177DB0C0B9975767CCE685A00C305DC27B63FE047CC8C2D059B1357B9D085BA"
"results\main_200\Batch_20260927_eighty_runs_211320\source_snapshots\Assets__Scripts__CmdVelSubscriber.cs","38025","619DFA6A58A767AC2853982CCFF73A968682A718AA71BBE5414609C33DD0C3E6"
"results\main_200\Batch_20260927_eighty_runs_211320\source_snapshots\Assets__Scripts__LidarToROS.cs","4703","5694DE16471219DCA76C08FD7EE379CB711226EE2432DF39F2BD611328F236E5"
"results\main_200\Batch_20260927_eighty_runs_211320\source_snapshots\Assets__Scripts__OdomPublisher.cs","3865","C63033CEA89B402D78527B844A11F2604BD08865B5D01A016F3CE85F42570270"
"results\main_200\Batch_20260927_eighty_runs_211320\source_snapshots\Assets__Scripts__ThermalImagePublisher.cs","5623","72E09CEBC7EF72FA5C9FB3294FFC4502F16F48B5204AEB7D73060B159B396633"
"results\main_200\Batch_20260927_eighty_runs_211320\source_snapshots\Assets__Scripts__VictimCallSensor.cs","22503","9446104499360C38A6DBFA5D6C96D08C63F1D0E5B313BF7A63E3A89A5C3D3393"
"results\main_200\Batch_20260927_eighty_runs_211320\source_snapshots\Packages__com.unity.robotics.ros-tcp-connector__Runtime__TcpConnector__ROSConnection.cs","53588","16021927664F93326FD09000E4DC20D503DC98F73E3710D60FF75D36AE5A54CA"
"results\main_200\Batch_20260927_eighty_runs_211320\source_snapshots\Packages__com.unity.robotics.ros-tcp-connector__Runtime__TcpConnector__TopicMessageSender.cs","7240","F033336786F1F9677E7193DE4FC2C0C3DDAB404ED4F677DC8057AD98E7762B76"
"results\main_200\Batch_20260927_eighty_runs_211320\source_snapshots\ROS__fire_perception__scripts__victim_mission_manager.py","157417","6D4F87E500F1949E71A2C57EC1A3833B88B5B35DCAA8BEB0BC125D3495B573B1"
"results\main_200\Batch_20260927_ten_runs\summary.csv","2251","C37E78168A3A6BADD306A81F42CEB34571CECF933E9D93E1EA061B6BE35B4831"
"results\main_200\Batch_20260927_ten_runs\source_snapshots\Assets__Scripts__CmdVelSubscriber.cs","38025","619DFA6A58A767AC2853982CCFF73A968682A718AA71BBE5414609C33DD0C3E6"
"results\main_200\Batch_20260927_ten_runs\source_snapshots\Assets__Scripts__LidarToROS.cs","4703","5694DE16471219DCA76C08FD7EE379CB711226EE2432DF39F2BD611328F236E5"
"results\main_200\Batch_20260927_ten_runs\source_snapshots\Assets__Scripts__OdomPublisher.cs","3865","C63033CEA89B402D78527B844A11F2604BD08865B5D01A016F3CE85F42570270"
"results\main_200\Batch_20260927_ten_runs\source_snapshots\Assets__Scripts__ThermalImagePublisher.cs","5623","72E09CEBC7EF72FA5C9FB3294FFC4502F16F48B5204AEB7D73060B159B396633"
"results\main_200\Batch_20260927_ten_runs\source_snapshots\Assets__Scripts__VictimCallSensor.cs","22503","9446104499360C38A6DBFA5D6C96D08C63F1D0E5B313BF7A63E3A89A5C3D3393"
"results\main_200\Batch_20260927_ten_runs\source_snapshots\Packages__com.unity.robotics.ros-tcp-connector__Runtime__TcpConnector__ROSConnection.cs","53588","16021927664F93326FD09000E4DC20D503DC98F73E3710D60FF75D36AE5A54CA"
"results\main_200\Batch_20260927_ten_runs\source_snapshots\Packages__com.unity.robotics.ros-tcp-connector__Runtime__TcpConnector__TopicMessageSender.cs","7240","F033336786F1F9677E7193DE4FC2C0C3DDAB404ED4F677DC8057AD98E7762B76"
"results\main_200\Batch_20260927_ten_runs\source_snapshots\ROS__fire_perception__scripts__victim_mission_manager.py","157417","6D4F87E500F1949E71A2C57EC1A3833B88B5B35DCAA8BEB0BC125D3495B573B1"
"results\main_200\Batch_20260927_ten_runs_02_131705\summary.csv","2187","BCCAD0A805A8A95369D65E32C2E8CF56F26B51941D767A124F9BEFC4AB451AC7"
"results\main_200\Batch_20260927_ten_runs_02_131705\source_snapshots\Assets__Scripts__CmdVelSubscriber.cs","38025","619DFA6A58A767AC2853982CCFF73A968682A718AA71BBE5414609C33DD0C3E6"
"results\main_200\Batch_20260927_ten_runs_02_131705\source_snapshots\Assets__Scripts__LidarToROS.cs","4703","5694DE16471219DCA76C08FD7EE379CB711226EE2432DF39F2BD611328F236E5"
"results\main_200\Batch_20260927_ten_runs_02_131705\source_snapshots\Assets__Scripts__OdomPublisher.cs","3865","C63033CEA89B402D78527B844A11F2604BD08865B5D01A016F3CE85F42570270"
"results\main_200\Batch_20260927_ten_runs_02_131705\source_snapshots\Assets__Scripts__ThermalImagePublisher.cs","5623","72E09CEBC7EF72FA5C9FB3294FFC4502F16F48B5204AEB7D73060B159B396633"
"results\main_200\Batch_20260927_ten_runs_02_131705\source_snapshots\Assets__Scripts__VictimCallSensor.cs","22503","9446104499360C38A6DBFA5D6C96D08C63F1D0E5B313BF7A63E3A89A5C3D3393"
"results\main_200\Batch_20260927_ten_runs_02_131705\source_snapshots\Packages__com.unity.robotics.ros-tcp-connector__Runtime__TcpConnector__ROSConnection.cs","53588","16021927664F93326FD09000E4DC20D503DC98F73E3710D60FF75D36AE5A54CA"
"results\main_200\Batch_20260927_ten_runs_02_131705\source_snapshots\Packages__com.unity.robotics.ros-tcp-connector__Runtime__TcpConnector__TopicMessageSender.cs","7240","F033336786F1F9677E7193DE4FC2C0C3DDAB404ED4F677DC8057AD98E7762B76"
"results\main_200\Batch_20260927_ten_runs_02_131705\source_snapshots\ROS__fire_perception__scripts__victim_mission_manager.py","157417","6D4F87E500F1949E71A2C57EC1A3833B88B5B35DCAA8BEB0BC125D3495B573B1"
"results\main_200\Batch_20260928_easy_100_083516\summary.csv","19871","FF5434DD616000A24FA87ECA878544BA9C9729E75F6BEF371BCACD18F7BA0947"
"results\main_200\Batch_20260928_easy_100_083516\source_snapshots\Assets__Scripts__CmdVelSubscriber.cs","38025","619DFA6A58A767AC2853982CCFF73A968682A718AA71BBE5414609C33DD0C3E6"
"results\main_200\Batch_20260928_easy_100_083516\source_snapshots\Assets__Scripts__LidarToROS.cs","4703","5694DE16471219DCA76C08FD7EE379CB711226EE2432DF39F2BD611328F236E5"
"results\main_200\Batch_20260928_easy_100_083516\source_snapshots\Assets__Scripts__OdomPublisher.cs","3865","C63033CEA89B402D78527B844A11F2604BD08865B5D01A016F3CE85F42570270"
"results\main_200\Batch_20260928_easy_100_083516\source_snapshots\Assets__Scripts__SimpleSceneLayout.cs","7361","9FFE433F4C0D7FA0A443EAA22265263BF5395D82A5FD4D8FE564149C4DA45E71"
"results\main_200\Batch_20260928_easy_100_083516\source_snapshots\Assets__Scripts__SimulatedFireTruthPublisher.cs","2669","0F64A798C9A07EAECEA1BD6980CFBACBA8BC3B3289BE99657844722F07B21093"
"results\main_200\Batch_20260928_easy_100_083516\source_snapshots\Assets__Scripts__ThermalImagePublisher.cs","5623","72E09CEBC7EF72FA5C9FB3294FFC4502F16F48B5204AEB7D73060B159B396633"
"results\main_200\Batch_20260928_easy_100_083516\source_snapshots\Assets__Scripts__VictimCallSensor.cs","22503","9446104499360C38A6DBFA5D6C96D08C63F1D0E5B313BF7A63E3A89A5C3D3393"
"results\main_200\Batch_20260928_easy_100_083516\source_snapshots\Packages__com.unity.robotics.ros-tcp-connector__Runtime__TcpConnector__ROSConnection.cs","53588","16021927664F93326FD09000E4DC20D503DC98F73E3710D60FF75D36AE5A54CA"
"results\main_200\Batch_20260928_easy_100_083516\source_snapshots\Packages__com.unity.robotics.ros-tcp-connector__Runtime__TcpConnector__TopicMessageSender.cs","7240","F033336786F1F9677E7193DE4FC2C0C3DDAB404ED4F677DC8057AD98E7762B76"
"results\main_200\Batch_20260928_easy_100_083516\source_snapshots\ROS__fire_perception__scripts__fire_keepout_cloud.py","18601","3C0F27932E34057CF3E50C258930C79F6A42162909F11E13B2703ABD2F0301AA"
"results\main_200\Batch_20260928_easy_100_083516\source_snapshots\ROS__fire_perception__scripts__victim_mission_manager.py","157417","6D4F87E500F1949E71A2C57EC1A3833B88B5B35DCAA8BEB0BC125D3495B573B1"
"results\supplementary_30\end_wall_selected_rerun.csv","598","74041239194902ACC2F51D0AB23E5B6EC453A09E4D2CCB2E69E70D663FAE300A"
"results\supplementary_30\right_left_angle.csv","1045","FA6E0EBADFD0D90A2E7AE47C7DF128817F4EF546151CD2DB68E779E89DB95D01"
"ros\fire_perception\CMakeLists.txt","1499","20618E89DA64436BB8C9CED18304B88D32713497B2977311BE83E406CCA781A2"
"ros\fire_perception\fire_perception_plugins.xml","395","03EC5CB80B73F5A0E86C169BC09A1C618B2C470E783B6126D824BE7A3D19D767"
"ros\fire_perception\package.xml","1381","EE9626CD9535D0E4557B695E8CF87BB36B5CB0A24977C59F8693D233A7F9C81D"
"ros\fire_perception\requirements-depth.txt","181","566C7BF7396D36F61E4953326F298913485D1E9A749307DB386BF89F875AC7D3"
"ros\fire_perception\config\far_command_adapter.yaml","338","1147661CEBE37084530F147B381B0797A9910F06F25EAF7DEBFB925CA1352CB9"
"ros\fire_perception\config\fire_color_detector.yaml","2196","BBDDFE96D7E697D749F3101E8836E3BD045A2F0D59B681923A5F5454171ACAC9"
"ros\fire_perception\config\victim_color_detector.yaml","7539","EAFD6F0BB50CF515B60D972AC77382A738432D074137C3B27CFB51A2F151585D"
"ros\fire_perception\include\fire_perception\far_marker_global_planner.h","1178","22F16E7820FA9E7806D7839CCC3C99F9DE0C52EB061EF2398B46FB7D1EC80060"
"ros\fire_perception\launch\far_unity_fire.launch","1315","C4F3F9F642FAEEDC845D2903FBA6809212FA548CFCC34CD9F42EA12EC0F5F2C0"
"ros\fire_perception\launch\fire_color_detector.launch","1613","0952297D718D9959E15BA3E1A6D5214DD9F5B67999DEFF44DF44B5EE04CADD88"
"ros\fire_perception\launch\system_unity_fire.launch","3107","40C6856847CB1653E17FCFDDCBF8F193D107F73251A6FE239BF734030D4A4C16"
"ros\fire_perception\scripts\diagnose_obstacle_alignment.py","2441","FB152FD97D6751F2BD6FD2F1A9D90FA321470688148B61B25718C09EA4D3965B"
"ros\fire_perception\scripts\experiment_data_logger.py","35557","12A48BCE122AAF4A4CD4340E76D22231D897A56DBBE06DC597942D0E36DF9932"
"ros\fire_perception\scripts\far_command_adapter.py","5067","E5D6F779A8C17930483028C1CF26E44988F44B1EC7829722B9D5D3B66695AE47"
"ros\fire_perception\scripts\far_move_base_bridge.py","6703","D9ABD8A01AB50D1ADFFF04993419E9596550B16E387155FC8432D52A6CBFA9A9"
"ros\fire_perception\scripts\fire_batch_probe.sh","525","A9856367307BC1D19D4D986E35B0281B2DAA6957FE96C929AA676A8CCBD768CB"
"ros\fire_perception\scripts\fire_color_detector.py","7826","EF98901C59D338DF1D178E9B2CA279909A7D5D166037E68F37BD50D0E14AAEC8"
"ros\fire_perception\scripts\fire_keepout_cloud.py","18601","3C0F27932E34057CF3E50C258930C79F6A42162909F11E13B2703ABD2F0301AA"
"ros\fire_perception\scripts\fire_pointcloud_localizer.py","10329","8A0E82032AF45D6BB379D6E01A4FB41863C44744BE76C163ADBC78CE8FB9DB4A"
"ros\fire_perception\scripts\inspect_obstacle_pipeline.py","3708","0BD086F59698E8DB11B22C73669937203ED86AED66965E0D564015061BF61191"
"ros\fire_perception\scripts\navigation_preflight.py","2166","38411E67F95AEFD37D77F7D676DA5C656E9FAD36CAF7F8F24C75C3A0996864DC"
"ros\fire_perception\scripts\navigation_safety_geometry.py","2412","387C6FAE23B675A6F5A450AFEE42172BCCE597D4A1EE9CEA427D4F3199A8A265"
"ros\fire_perception\scripts\navigation_safety_guard.py","15017","EDF81F8BEAF35EAEB14FAE3F5786B63172671ED1C8C438E19DBCEBA711BBEC60"
"ros\fire_perception\scripts\restart_fire_cmu_stack.sh","604","CADF142CB9EBA7A93799B2D6BA29EFED5BCC86C372B49495C664F6B960512FD9"
"ros\fire_perception\scripts\stop_experiment_recording.sh","171","AFA07EE4DAB4D96449AE73E403397FB68951001FF4E2652FD77E63F73F396D10"
"ros\fire_perception\scripts\victim_color_detector.py","14484","3D5914EB1B3DBF856C9C3C227C59CDC87466CE3447CC2FBCF4E41491E5EBA4E1"
"ros\fire_perception\scripts\victim_mission_manager.py","157417","6D4F87E500F1949E71A2C57EC1A3833B88B5B35DCAA8BEB0BC125D3495B573B1"
"ros\fire_perception\scripts\victim_pointcloud_localizer.py","30448","4948E55EF60D1DCE3E086000B4B6F33C52525C40E9F85B4AB62B4E78BE4DFFEF"
"ros\fire_perception\src\far_marker_global_planner.cpp","4421","A68CFA49E048E05C48B868C1B5A5656D83585E15DF46631BF6C30732DAD51F31"
"ros\fire_perception\test\check_far_polygon_perimeter.py","1815","1039BF9A5B2EAECBDBF01A143C8755AF60A9010306F94E945811A603E87E0EA0"
"ros\fire_perception\test\OdomCoordinateContractTests.cs","2919","593DDDD21CA1782303CC8E3860246D507AEA810FD13F30554AC7474566798BD6"
"ros\fire_perception\test\test_drive_physics.ps1","2066","2C4A18C756FC32F5DDDDC9B84923F54C321A532F6F26D18E8A027ADBBE41749D"
"ros\fire_perception\test\test_execution_diagnostic.py","1720","0B585FC2FA85C62F887188730F6C59555ED80403D536F4D4264B7DE5F0ED8CE4"
"ros\fire_perception\test\test_far_command_adapter.py","4764","C897100A1ED7C91288D49283135012E27322256B4CB53AAB2AEE59B6E5CDE97D"
"ros\fire_perception\test\test_fire_layout_reset.py","1490","CDB127DB50C05103BBD4E89879E1BF28C61A508D952EFC79C28BABE55AC4951B"
"ros\fire_perception\test\test_navigation_safety_turn_limit.py","2084","AC12A726250636D59583333D1A0760473E41A1A2B19AEE7FE63452C655F80B6C"
"ros\fire_perception\test\test_odom_contract.ps1","1820","32DB5992AA71C4F95A260ABCCC9D16E4E35572E9E148CAF3687D6E6CA35A729F"
"ros\fire_perception\test\test_safety_geometry.py","959","0AD0B97CC7106BDB35CB969F2CEBD92E7430F4544A92A4C551EE0CDE525066C9"
"ros\fire_perception\test\test_scan_reconnection.py","1877","524ED5EEBEA6D15F5B6475B58F6B56DC35E478BBE7DE8FB9E2C44D797D215BB3"
"ros\fire_perception\test\test_simple_scene_footprint.py","2611","DC44B6966BE10DD3FD0B5089693B6719B1886BAC000533F07F63ED33968D5AC3"
"ros\fire_perception\test\unity_drive\manifest.json","69","B8F12A3D25BA8817D75EBA0026DBFA286ECAB2D5D6BA291AC64333D0646745A1"
"ros\fire_perception\test\unity_drive\Editor\DrivePhysicsChecks.cs","4779","6995C87A9DF9DFC097BC8B082A7B8917E01FFC8837339155AB8EA887111F77C8"
"third_party\ros_tcp_connector\InfoAcknowledgements.md","2177","A1AD0B2CBABDDAF90A83DFF8D7C12006D899F6C81AF3923F563DB2E0E03C155E"
"third_party\ros_tcp_connector\LICENSE","10764","2E21A5B872A2CDFEC6F89DB4C93BE2867E05B481E77B9C4A6AF1CAF813129FB0"
"third_party\ros_tcp_connector\Third Party Notices.md","630","BB22B2EC782EB794B616913AC78EB8239747B2A46C8D6DEBBA7212372E576EFA"
"Tools\Experiments\analyze_navigation_bag.py","3563","76296D45607536D2D3B21AF4E212149E6CD8DDCDDC7D95CF57674B9BFD03592F"
"Tools\Experiments\EXPERIMENT_PLAN.md","1659","6E87E9C187545EFCDA98E9B2558A946900922D3C9592D9F86FFC0CED4544D733"
"Tools\Experiments\record_navigation_experiment.sh","1300","DC8B0CC7594F149A8F1C4A0FEB5C5C6EBBD541E84C91A50E4664623F59D54321"
"Tools\ROS\check_perception_dependencies.py","1667","7594D76AD867674639D5AF00538D664C2BF6DC69E3EFD0AC376B6A5D23A30142"
"Tools\ROS\inspect_pointcloud.py","2331","88BA8E109E0BEAA7A1F9BD83735F66BD41C7BC2D88B62BF8FE846DA2B6836735"
"Tools\ROS\inspect_victim_hsv.py","1009","4CCD671A09B98E414AAF0BF15E0155FB05422E41489D41AED3D13D4F42CC0761"
"Tools\ROS\install_shortcuts.sh","370","ED98C1E0F1BC6EE41FC29D6B7DECCBF1A0A3ADE7B1FE5C1777159FBF14387B84"
"Tools\ROS\README.md","752","4220DDA5D8EE1489FACFCB9F6BF44814AAE158E7F2E3EC0D22D34ADF5C330DAB"
"Tools\ROS\start_fire_nav.sh","1791","4F434B2671FE6FA44C40241CD4BE2E40D31D63792916ED42629615AD07008053"
"Tools\ROS\start_release_nav.sh","2341","114C018B95BB1044083D7B0C258D4A22961547A1247618A8A7CA2F1D71E111DA"
"Tools\ROS\stop_fire_nav.sh","434","08B5F36579EEC04B8F179DBF751BCBE66DEB504BC7D8CDE1DC68FA857D405743"
"unity\Assets\Editor.meta","172","8844940AEE4B7ECD5716BE171BDF6D0AD9EAB3DF59A10FEC99766D55916310F9"
"unity\Assets\InputSystem_Actions.inputactions","41005","1C6CBB519D65ECFE19A29231735B7F54741A20AC1A8AD4F46A18E1BFB28A3C39"
"unity\Assets\InputSystem_Actions.inputactions.meta","376","3B4E424A80F5B4FA76B6ABD774884A24285EAA61F22FF9BB20E5AD505FD8B569"
"unity\Assets\Msterial.meta","172","6CC312B72D597EC2747FF80FEE6DA211D9203107DA10951B0AE944926A2D668B"
"unity\Assets\Readme.asset","1144","6D098604E909B6A0E64FE5910C2719704864D49678BCF5413BD47B67E5490107"
"unity\Assets\Readme.asset.meta","182","46C6B89AC1D47BD0C0D1A8B141AE3E32CD95D3E74C49381F0D9F942488C254CE"
"unity\Assets\Resources.meta","172","D4CE91B51D4CF19E39E832BE72D7AEA4E0FF5A5180A67F9D9728B1F6B76AD0CE"
"unity\Assets\Scenes.meta","172","D4F4ABEBB28CE243A28C98C214854EC2C9033EA026DEDF3DCA1A8E29F3E55F5A"
"unity\Assets\Scripts.meta","172","BD83791BE061776A403F7167FCF45D90692878641449E6C4DB34CFE79B55C0A0"
"unity\Assets\Settings.meta","172","73C8E19843240273FACB0AF6BDBF430D719E397ADED705629594060CE25CE7AD"
"unity\Assets\TutorialInfo.meta","172","07F022E5932C833D026E020B27D73452EBD781993B616D76003494AF1E140946"
"unity\Assets\Editor\EasyFireSceneBuilder.cs","2527","EBDA4392656BAD81243F2038674EFCC40B39BB681524EF70B40102A84CBC38A2"
"unity\Assets\Editor\EasyFireSceneBuilder.cs.meta","59","A4EC15787CA61588D1655590E56D2909E72C582C927C7892A616B262479BFDA7"
"unity\Assets\Editor\FireBatchPlayBridge.cs","1013","629C98C2F5CF502C8D196527E471467C92662290DC66FDE4FCC2A998A8E63C64"
"unity\Assets\Editor\FireBatchPlayBridge.cs.meta","59","3798B56FE77FA14388C5D2255B5DE6458FF0D11CF0C22FB63F3C33FF8FB7ED69"
"unity\Assets\Editor\SimplifiedFireSceneBuilder.cs","16886","F3C9DFE0C79B64EB11B9DE027999C16830B6890031734842C64AC7C8DBB7EE68"
"unity\Assets\Editor\SimplifiedFireSceneBuilder.cs.meta","59","39EBA9F886E52B40A6FDF3CEE1856337F718F34A3D25FE9600214A03224D0E61"
"unity\Assets\Msterial\Fire_Red.mat","3687","8A7578F848FF35EA67F56D20C08F8DE0877D3157922FC522FEA73C5F1B701DA7"
"unity\Assets\Msterial\Fire_Red.mat.meta","188","16802CC4A8BDC8423FF26EDD09F9FD665DDE1F697FE0DBA024901EACAA241CD6"
"unity\Assets\Msterial\SimplifiedScene.meta","172","BFB8228BAD3FD94DC25FF2248671B348AD0F456AB1B3473EB68EE3B20C7E7614"
"unity\Assets\Msterial\ThermalRenderTexture.renderTexture","865","57807E1AFD0CE01F92AADA047B431EE1FDE620F330CF636D3992C2A397EBE42F"
"unity\Assets\Msterial\ThermalRenderTexture.renderTexture.meta","188","A3407D1DD2A4250A54F9F3B47D626E46CC8504ED0F80A0525F7FF644985D4DAC"
"unity\Assets\Msterial\Victim_Yellow.mat","1318","E4041814DB1ADC8A55D4A9189A6838C5070BB998267421475C1B4B666761C106"
"unity\Assets\Msterial\Victim_Yellow.mat.meta","188","A9F592B269A8DB82D7275782691E2BB92B4E133CDCDB5C6E368F52B30DA0FD6B"
"unity\Assets\Msterial\Wall_White.mat","3799","909ECF7BA576194B2FA7D71002F05CC713DFA494110CD2D52B3ADF467723571B"
"unity\Assets\Msterial\Wall_White.mat.meta","188","E0648D3D6392928DCC6D8F863A70A035C2183A098B6F635922B0C53FC6E24A5D"
"unity\Assets\Msterial\SimplifiedScene\Floor_Grey.mat","3723","EF3650C9DE340D6FFBD0A53FFF14FE4B9AB488A28D1905A7E23DF0D306D08B5E"
"unity\Assets\Msterial\SimplifiedScene\Floor_Grey.mat.meta","188","7E0B8BA15740D2A36A17B83002BDE463E97FE9C234B7AC73F837C1E25D180BD4"
"unity\Assets\Msterial\SimplifiedScene\Obstacle_DarkGrey.mat","3732","A83F892E8B94730B9243C5C447E73D7FFBDC373EF60EF4FCD96E40C2E8A17A8C"
"unity\Assets\Msterial\SimplifiedScene\Obstacle_DarkGrey.mat.meta","188","5BE9E17FBBFB18349DF5109A9CCE1F134C8D11E04D5942412FBB13B95FE904CB"
"unity\Assets\Msterial\SimplifiedScene\Room_MidGrey.mat","3722","DF4F59AFF30CC2E92FB65676881BF4592B723C2213AF2FC0AE90C17E8AA28A85"
"unity\Assets\Msterial\SimplifiedScene\Room_MidGrey.mat.meta","188","267DFED1F7A2F90D64B0AF9287DB493CB5CBB514A2E1C2C2308B4401A371F37F"
"unity\Assets\Msterial\SimplifiedScene\Wall_LightGrey.mat","3712","CB1739CF082A7637ECD6B09700EBBB83AFE14A41824AE6478235D032786890AC"
"unity\Assets\Msterial\SimplifiedScene\Wall_LightGrey.mat.meta","188","8F661F67B796A54375463CC56DF750D06C6E3446F4E7219A971D5696C4838BD4"
"unity\Assets\Resources\GeometryCompassSettings.asset","434","334206D0201A1FB0DC8EC73DCE98F35FC5BFEFC0B139528469A090BC47AF5568"
"unity\Assets\Resources\GeometryCompassSettings.asset.meta","189","00F0BCCBADC65BEF5B9857658B0A3968A5642734CE5F3AA1202324D8CC783254"
"unity\Assets\Resources\ROSConnectionPrefab.prefab","1542","2D93B8E601327A93F0B46144A43781A1C969C29501CDA907E3EC5FE896A33E48"
"unity\Assets\Resources\ROSConnectionPrefab.prefab.meta","154","6BAFEEB9C08D2B8BDE7508F383ED1BEF7309409B102AFA6CFFA2E52EF88F698E"
"unity\Assets\Scenes\FireRescue_Easy.unity","117964","7281863254FC6FDA076BCE43E002631E82424912EC69341DB0753513C03DE5E3"
"unity\Assets\Scenes\FireRescue_Easy.unity.meta","155","CA2E6C577E5453E1527FD79A507667B0B544040C1DBB82021884161C35CA7411"
"unity\Assets\Scenes\FireRescue_Simplified.unity","123876","88D28881D0D4F11844A18D534D1468CE05470AFDEC507125283F7EF3088E14F8"
"unity\Assets\Scenes\FireRescue_Simplified.unity.meta","155","CE3ECCD831EE4FC2B417C228DB479516A7C34469A5ACAC6F44EB46050F19FC7A"
"unity\Assets\Scenes\SampleScene.unity","377845","30E6457BA17876A548E74971BFF32C957F195D09A04D30D41A36F2A9B3A46EF6"
"unity\Assets\Scenes\SampleScene.unity.meta","155","B5815A6B12AFAF810577BC89041C4CE46516C7CD6609693F8DB616F8E5584D80"
"unity\Assets\Scripts\CmdVelSubscriber.cs","38003","78A809A28DCF6BA70074AF10B7F272673DB76C648900FE0F68031A10CBFB51B6"
"unity\Assets\Scripts\CmdVelSubscriber.cs.meta","59","E7F7EB28D834DF19A2893BD4364D4AF4AA7FAC951D6F3F79D7D60A85934B1334"
"unity\Assets\Scripts\FireRescueRuntimeDisplay.cs","16317","91E32BB6B12D092AEC8087B096A2B21A22E2AA10A2D665B4878A43B8599FE5B0"
"unity\Assets\Scripts\FireRescueRuntimeDisplay.cs.meta","60","8A86EB60968C8F9D4B4B08B7CD7F3553EAA6B072C62CDEC0E8438680A2CC1504"
"unity\Assets\Scripts\LidarSensor.cs","3857","E4D5B1E686170265A62E43E2F410DE6FD54905199C051343CE9CD387614162BD"
"unity\Assets\Scripts\LidarSensor.cs.meta","59","70DABE6033F13F879D6CDC405EAA55F76C78DF7C48867D40AA1A15AF2183D894"
"unity\Assets\Scripts\LidarToROS.cs","4703","5694DE16471219DCA76C08FD7EE379CB711226EE2432DF39F2BD611328F236E5"
"unity\Assets\Scripts\LidarToROS.cs.meta","59","D0585BAEFE4890271569EB5CC7D29B88F9920C2E3A8BA183F001A115F085D03E"
"unity\Assets\Scripts\OdomPublisher.cs","3865","C63033CEA89B402D78527B844A11F2604BD08865B5D01A016F3CE85F42570270"
"unity\Assets\Scripts\OdomPublisher.cs.meta","59","CACEA33C90B9FA8A7683409AE19E3471C4750A13E16DD91B5D5DD82B67025E43"
"unity\Assets\Scripts\PlanarDriveExecution.cs","547","D9C2B8A6153021F689D178F44482980BED9C44FBA970C34D982326FBB4D61D87"
"unity\Assets\Scripts\PlanarDriveExecution.cs.meta","59","21EF24CE177E91B581FBC9CCA4624481E570BA01DA65A9F3A30347E627910162"
"unity\Assets\Scripts\RescueCollisionPolicy.cs","1041","9E94036B7548A41B4DB4168430CB76D3650AC376D6CCF05B370147B8CCC976E1"
"unity\Assets\Scripts\RescueCollisionPolicy.cs.meta","59","C9B640BA16F30880D214F6076224F8C7B5F8FB56189745CF3841C3CC5D9C3E80"
"unity\Assets\Scripts\RobotMovement.cs","12589","503391FA6737566BD79F9C611253B3FE08BBD52EC96200B7FAA57D39173EF458"
"unity\Assets\Scripts\RobotMovement.cs.meta","59","40AF1314A7F3C6ACD41130CA7D4106F0B9A3DC60F7491F7D2FDF972F4F4AD441"
"unity\Assets\Scripts\RobotRangeRing.cs","1646","FBDCE1EE3CE35E34D73C3E87F910F8EA46B51171B69FC61C7BBE19E4818C28B3"
"unity\Assets\Scripts\RobotRangeRing.cs.meta","241","AEB13B7EC1DAFE120455E48557930C0E4C00EF483E4268ADEDD849B8EC575AC8"
"unity\Assets\Scripts\RosNavigationOverlay.cs","17522","282E5F844C11B68D4E31A80C213EF622B67E27ABCC1441B889DF9BCD592A01AC"
"unity\Assets\Scripts\RosNavigationOverlay.cs.meta","59","3875CBDC1ECFD37CB5A6885B6ABC470DDAF67760DCCDAF934748EB8FA138F8B2"
"unity\Assets\Scripts\RunInBackground.cs","538","056A47579F16146F121407294A148EE13BD21D0CB7DCB0CF5F2ED5914555C53E"
"unity\Assets\Scripts\RunInBackground.cs.meta","59","B95664710C37CD94D90E4EEF8C0DAEC99838852A087B9C4F1905851C53708CE4"
"unity\Assets\Scripts\SimpleSceneLayout.cs","7361","9FFE433F4C0D7FA0A443EAA22265263BF5395D82A5FD4D8FE564149C4DA45E71"
"unity\Assets\Scripts\SimpleSceneLayout.cs.meta","60","F18B582526208E4E076882BD6FA7E52CE1ACA5A0F64178D6739940DA78E49935"
"unity\Assets\Scripts\SimulatedFireTruthPublisher.cs","2669","0F64A798C9A07EAECEA1BD6980CFBACBA8BC3B3289BE99657844722F07B21093"
"unity\Assets\Scripts\SimulatedFireTruthPublisher.cs.meta","60","B7A03096135BBAC237AB1F7911369DFD51D3C0DF887026627A6F7CD29AED8DAB"
"unity\Assets\Scripts\ThermalImagePublisher.cs","5623","72E09CEBC7EF72FA5C9FB3294FFC4502F16F48B5204AEB7D73060B159B396633"
"unity\Assets\Scripts\ThermalImagePublisher.cs.meta","59","9AC28CDF0661B418B690748440B21DDB1250446E260BE785292A0604DC60625B"
"unity\Assets\Scripts\TrajectoryPublisher.cs","4734","B25F0A29B33282650B367AA6A0F16BDE25010036A3D373E0D67CEE8A1F8B5DBD"
"unity\Assets\Scripts\TrajectoryPublisher.cs.meta","59","88EA278FC21BE9B2034F1056299D817D0A33A2A68B554E362BA09D851FE45DF3"
"unity\Assets\Scripts\TransformBroadcaster.cs","3550","722BAD985551C80B0F2DA91A4D958FEA819FA5CF401E45DDA7C406B3229F738A"
"unity\Assets\Scripts\TransformBroadcaster.cs.meta","59","E0E827374BA59B2E71D4BA291DA86FF9BEEDC6E2F9B7075FD78C3143AF4B2CD7"
"unity\Assets\Scripts\VictimCallSensor.cs","22503","9446104499360C38A6DBFA5D6C96D08C63F1D0E5B313BF7A63E3A89A5C3D3393"
"unity\Assets\Scripts\VictimCallSensor.cs.meta","59","4F648E2AC192D8166DA0430BB6CE17A7D16F7DB467C1A718A2BDB7B77BADE6FF"
"unity\Assets\Scripts\VictimCallSensor.cs.pre_authority_20260913","18301","5CD9136A019FECF3B27E9876A9408B483BFF0141781BCED5FC145581E76F0064"
"unity\Assets\Scripts\VictimCallSensor.cs.pre_authority_20260913.meta","155","11ECF59417D35E90C8AEF068AD7F3A5EC774F9D26869DD588D5CA8063F66E92A"
"unity\Assets\Settings\DefaultVolumeProfile.asset","23987","3A6F825E8D07FE8B9F3B52E7D4E2DFA0E22C555B22335ADB19F0ECC66DFA38DD"
"unity\Assets\Settings\DefaultVolumeProfile.asset.meta","189","EFBCB026CEE6B8E32FDF27018C06B0515296A6CCBB43969E792FEA270310700A"
"unity\Assets\Settings\Mobile_Renderer.asset","1713","AA93274C9521FA941170BECEC9E87C5FA36B8587EEFD5EEB5C0EED0D1D4B1DBE"
"unity\Assets\Settings\Mobile_Renderer.asset.meta","189","A148EE2B4987B05B8FF7AE5F9BF84916184F77AEFDDC821DCEB551F5A69F8179"
"unity\Assets\Settings\Mobile_RPAsset.asset","4345","077B30C366EE79C2B0906284297C3433C470B59A7BCA563801901512D6CABF64"
"unity\Assets\Settings\Mobile_RPAsset.asset.meta","189","53EA46647712C615FD1A3F2E0DDDFA8559EEEDC649E9A1DBF93FF913DE28544C"
"unity\Assets\Settings\PC_Renderer.asset","3439","3D0B01D8DED3327263B6690BE128A3DE58D17C514943AE42FE743A3E084A9C79"
"unity\Assets\Settings\PC_Renderer.asset.meta","189","B5DF8DDB2708C6ED4C133A5FF9EE95A75CC20E4EE3ED6181366A61AEDBAF31EC"
"unity\Assets\Settings\PC_RPAsset.asset","4364","BCEF31006339D245D47D5E8AD208F9F34471618496D08E9F9D06E8D449C71D97"
"unity\Assets\Settings\PC_RPAsset.asset.meta","189","BB469B9B6F318E9E9BED29C3B2E73E79371C04743C6F95DD6603941F1CD3E53E"
"unity\Assets\Settings\SampleSceneProfile.asset","3703","A8677D4BAC051D24CAA11CD622E39F968155EE277BFCE132274F1DE225692FE9"
"unity\Assets\Settings\SampleSceneProfile.asset.meta","182","2E23ABC214069F0ADBF2B2207F1DB54BE7876629EC2A3681D0F4AA5B61622EF0"
"unity\Assets\Settings\UniversalRenderPipelineGlobalSettings.asset","21651","04CFA46623EFED200CE5154989E9BCD26E9DDA3E30EB53B7FDFF9CAE0665AAA4"
"unity\Assets\Settings\UniversalRenderPipelineGlobalSettings.asset.meta","189","F61661D8BC8DBE531DAF09F6211EF978C7BA145C9207C8E76524396AE0722D7C"
"unity\Assets\TutorialInfo\Icons.meta","193","546E7D7AF6B4D5E17D284C8F1188D05472E681911B8359905EE9B9E20769A106"
"unity\Assets\TutorialInfo\Layout.wlt","15479","0A18BF035AA7CE914F19F7CE6B60A5A2D33E2371AF6F492A8EA7A1BC78755B8B"
"unity\Assets\TutorialInfo\Layout.wlt.meta","176","B8745A251DF078FFA75DBAAC0C4C6DEBECB61AB306B5B119A490CE6C635A11D8"
"unity\Assets\TutorialInfo\Scripts.meta","193","930D0C8276CEA1559A3E315F8500EA6CA8B58D980EEE3B44AAA1D461742C47E0"
"unity\Assets\TutorialInfo\Icons\URP.png","24069","1D17A9FF3537859ABE2C008603D29D90CF43191AE77AA386167CC65E53BA03D9"
"unity\Assets\TutorialInfo\Icons\URP.png.meta","3156","B330F1FCFC4E6CECCC95FC34A38434141603469B135633E1C4E8A03C19F9FDBC"
"unity\Assets\TutorialInfo\Scripts\Editor.meta","193","7036BDBC8AF05799B5FD508484343B35C28A68B390198DA4673D34357D7D667F"
"unity\Assets\TutorialInfo\Scripts\Readme.cs","302","C09C93844F93EB252A6FB39C222D169C63A63E96008FD040B9E7628C3E7CCC2E"
"unity\Assets\TutorialInfo\Scripts\Readme.cs.meta","317","80A3DF9969FAB6E656583EE9BBCA884D0507E2B7DE3417F6EA3118FBA901CD60"
"unity\Assets\TutorialInfo\Scripts\Editor\ReadmeEditor.cs","6677","D2023934BC2BE23AF69CD930ADE85EFF41C5DB0A6F6666B05324B975BEFDB5B5"
"unity\Assets\TutorialInfo\Scripts\Editor\ReadmeEditor.cs.meta","264","F59080B424C16FA13EDD105BF006FDBAD98C11FCE0C921043E63C8877F144CD9"
"unity\Packages\manifest.json","1918","A72FD08809BB938E46F5AA63C754F83DC6CCD77E56E7D4DFC448FFEEDB047EF7"
"unity\Packages\packages-lock.json","12545","C27BEEFA5DF8ECEC33A4AC56C0E9D34F97CDAED1F24FF8C903288C5CBFAD75B5"
"unity\Packages\com.unity.robotics.ros-tcp-connector\CHANGELOG.md","3998","9E36ED7C6E9BCDDDD22E50B1AAF808F685B048E0917B58101C82F0DFD64C6045"
"unity\Packages\com.unity.robotics.ros-tcp-connector\CHANGELOG.md.meta","158","80AA831D4818FDCCF52AED275831673E6E14BD6C1D4B04B6957336693109F8A1"
"unity\Packages\com.unity.robotics.ros-tcp-connector\Editor.meta","172","0F1FF37890C2E10F4938DD92F9F0495AB4BBC7EF83A58E9DF889CAC0716CFFC3"
"unity\Packages\com.unity.robotics.ros-tcp-connector\package.json","307","738077FAE81E05F9170BFC43E4BFBA59A7112EEEC6A2A46AB0271419DC9E9B34"
"unity\Packages\com.unity.robotics.ros-tcp-connector\package.json.meta","163","2D778BF8B815B770ECCAE9E91D402D019B5BDFDA4BB8A6208E7D6AFB97EA220D"
"unity\Packages\com.unity.robotics.ros-tcp-connector\Runtime.meta","172","F4E19C772AB0C53F3E9BA305E76BCD57B078EB81354666A236D5CB9BB3789203"
"unity\Packages\com.unity.robotics.ros-tcp-connector\Tests.meta","172","E8E006FF626A682F0A032DF005DAD67715D78B036B624594D262FE93C5A72E42"
"unity\Packages\com.unity.robotics.ros-tcp-connector\Editor\MessageGeneration.meta","172","5629BB17D7262BC2C5B3E357F338DFF9231152BAC23308FCBF5C6CE97B12D89B"
"unity\Packages\com.unity.robotics.ros-tcp-connector\Editor\RosEditorAnalytics.cs","1220","CC2A3E8F64CB9FD7ED7410EB90FF6D439C4DBD59AC01A91ECFADB3EEE54CDBF9"
"unity\Packages\com.unity.robotics.ros-tcp-connector\Editor\RosEditorAnalytics.cs.meta","243","3C565F28C8C8B6BC021B4490A52D3E322FE2F2ED9F648395B29A110D2B6CFE1E"
"unity\Packages\com.unity.robotics.ros-tcp-connector\Editor\ROSSettingsEditor.cs","7064","22E820B80A07E05B81FE0110C39CE7E28FE3F05B90303881B9A14AE0BA74C58D"
"unity\Packages\com.unity.robotics.ros-tcp-connector\Editor\ROSSettingsEditor.cs.meta","243","4D7FB590C81383E5BA1935B25FA8E5079E97E184DEE64E95EDA81BF5F274B21B"
"unity\Packages\com.unity.robotics.ros-tcp-connector\Editor\Unity.Robotics.ROSTCPConnector.Editor.asmdef","494","7336CF51056C35CA7D05EE66EB969B5F66FB5E04D2C2F059A2729F1683DE8736"
"unity\Packages\com.unity.robotics.ros-tcp-connector\Editor\Unity.Robotics.ROSTCPConnector.Editor.asmdef.meta","166","47CE413E15777DB4F35D4645D539CEAF328862BD8080EA59D3E0ABF3CCC7211B"
"unity\Packages\com.unity.robotics.ros-tcp-connector\Editor\MessageGeneration\ActionAutoGen.cs","16414","665CA842F207409E43B426D77329B987F130E094D6C80CE4F8B9BD8F4321A6A3"
"unity\Packages\com.unity.robotics.ros-tcp-connector\Editor\MessageGeneration\ActionAutoGen.cs.meta","243","D96BE92535B832AADDB7DF52062A4985E3EB9905703C481021DC0BC01725DD9A"
"unity\Packages\com.unity.robotics.ros-tcp-connector\Editor\MessageGeneration\MessageAutoGen.cs","7345","08C9C1A3335F1656C36C470A9578D18EAD40ACE837B184718AE72DFB1AD06705"
"unity\Packages\com.unity.robotics.ros-tcp-connector\Editor\MessageGeneration\MessageAutoGen.cs.meta","243","9B2FBBF8AFEAC22785664EC9A5CA617B5ADB9A0225AB85E7EC403B1295F8BF3A"
"unity\Packages\com.unity.robotics.ros-tcp-connector\Editor\MessageGeneration\MessageGenBrowser.cs","11734","BD86D9AE0D46D808F5192E31369FBE0FC82A373604BE574B583FC3A036AC0F39"
"unity\Packages\com.unity.robotics.ros-tcp-connector\Editor\MessageGeneration\MessageGenBrowser.cs.meta","243","8E2C5E6E780A7A1DC7CFF5441D54B69186EE2FC8A2F6C82084A2A7ABE4A35AC4"
"unity\Packages\com.unity.robotics.ros-tcp-connector\Editor\MessageGeneration\MessageGenBrowserSettings.cs","1778","01C6BF6D5B5E876BD1CBC7DCB1F6BA128A5937B3E8114688221B3390387D0FCC"
"unity\Packages\com.unity.robotics.ros-tcp-connector\Editor\MessageGeneration\MessageGenBrowserSettings.cs.meta","243","1E0014C17EAF1659AF2509056E8A0B1B067FB1467097E8DD33FDDF960CA33913"
"unity\Packages\com.unity.robotics.ros-tcp-connector\Editor\MessageGeneration\MessageParser.cs","34291","3387190C5A03D47048413A45193D9600CD285E1B4D862C8038B664BEE4432C6B"
"unity\Packages\com.unity.robotics.ros-tcp-connector\Editor\MessageGeneration\MessageParser.cs.meta","243","5BFEBC879C813E4E738FE9FEDB37D7C17B26D04FA5EA925BF7B69923EB880F5A"
"unity\Packages\com.unity.robotics.ros-tcp-connector\Editor\MessageGeneration\MessageToken.cs","1462","A09E9F9A5C3E0B0BF1910E2D34964FADAA84F5B85D784801E5D6C46401B03BF5"
"unity\Packages\com.unity.robotics.ros-tcp-connector\Editor\MessageGeneration\MessageToken.cs.meta","243","A24CA63DFE88207011F1D47FB2B403FF8F529563F548BEF4CFD2317C28C340B4"
"unity\Packages\com.unity.robotics.ros-tcp-connector\Editor\MessageGeneration\MessageTokenizer.cs","16097","B8C9C17FDA9FA4E157282886A83A4536721027A958E2417340EF45A6CA4193D1"
"unity\Packages\com.unity.robotics.ros-tcp-connector\Editor\MessageGeneration\MessageTokenizer.cs.meta","243","6C337F769CDE122C1B434B5BF6775AD5282CDDF12B12F49538CE7C98CAD7C824"
"unity\Packages\com.unity.robotics.ros-tcp-connector\Editor\MessageGeneration\MsgAutoGenUtilities.cs","6011","DAA759A2B4452B7CA56B4622E29426FC0939BE4EAA6BEBD9EB37CE45DB36E169"
"unity\Packages\com.unity.robotics.ros-tcp-connector\Editor\MessageGeneration\MsgAutoGenUtilities.cs.meta","243","8B93D4AA1821C8A68F03A1697B5D580DAAF5E3C18438438EADA70343D401345A"
"unity\Packages\com.unity.robotics.ros-tcp-connector\Editor\MessageGeneration\ScriptedActionImporter.cs","1281","BBCCFAFACB3C9E69E4093DCEC53DC4B9D381F7373F0A5AC0E2BFA772C358FBAF"
"unity\Packages\com.unity.robotics.ros-tcp-connector\Editor\MessageGeneration\ScriptedActionImporter.cs.meta","243","334FB2F9BFE92D3005FD5AD832D4DF52FD129ADEED4F663A5BD79D0A7A95EFEF"
"unity\Packages\com.unity.robotics.ros-tcp-connector\Editor\MessageGeneration\ScriptedMsgImporter.cs","1198","7D53F91CF0E01413DB67756ED3EFC3E33484FDB88AB5D246185D0F5A827D2936"
"unity\Packages\com.unity.robotics.ros-tcp-connector\Editor\MessageGeneration\ScriptedMsgImporter.cs.meta","243","36768C47BC3DE9F8F37D686EC052B6AC8D6AA304D227D2C57105ECC1D10E5BF0"
"unity\Packages\com.unity.robotics.ros-tcp-connector\Editor\MessageGeneration\ScriptedSrvImporter.cs","1289","26B07FEE149DA56830BDCDBD50EEA303689E4C945FA137141EA5E2A741DE014D"
"unity\Packages\com.unity.robotics.ros-tcp-connector\Editor\MessageGeneration\ScriptedSrvImporter.cs.meta","243","100394C8AC3ED376F0BBD9A60B7A9D60EAC98431AFCCA01B36F56E1225F975D4"
"unity\Packages\com.unity.robotics.ros-tcp-connector\Editor\MessageGeneration\ServiceAutoGen.cs","5562","43D932DFF199625A573BED84D55A4CF0213026008395C56F792494834C403545"
"unity\Packages\com.unity.robotics.ros-tcp-connector\Editor\MessageGeneration\ServiceAutoGen.cs.meta","243","141608363FA7C740EFA4BC08D8B9C7B77459A869DBDD15E72A19A778D6A8FCAB"
"unity\Packages\com.unity.robotics.ros-tcp-connector\Runtime\Extensions.meta","172","25DE65B6375564E82D6D1D5CC347EDDD9CC20D55897D3A3EE6DF36B28C4339C4"
"unity\Packages\com.unity.robotics.ros-tcp-connector\Runtime\MessageGeneration.meta","172","3531A77E85C5585E89B93F5343966AE53F0FBBD3F1A85CA7788749A518383CD6"
"unity\Packages\com.unity.robotics.ros-tcp-connector\Runtime\Messages.meta","172","24E42F0C33B70DD71353178A0698EA9119DD07670F9BF42890E44D4BE6BCD332"
"unity\Packages\com.unity.robotics.ros-tcp-connector\Runtime\ROSGeometry.meta","172","668E472FFD14E0A93DCFF69456CCBDD5A5D13381990B6CCCCC2619A8171DCD67"
"unity\Packages\com.unity.robotics.ros-tcp-connector\Runtime\TcpConnector.meta","172","BAC0A16F99A8A33A817968D9477A886855BE7A224A5AC20E5F6FA571B49C44AA"
"unity\Packages\com.unity.robotics.ros-tcp-connector\Runtime\Unity.Robotics.ROSTCPConnector.asmdef","704","EEE247DEADAEE56EF71DD69EBE69566C349E54B2D9BFC88C42127EDA066EEAF9"
"unity\Packages\com.unity.robotics.ros-tcp-connector\Runtime\Unity.Robotics.ROSTCPConnector.asmdef.meta","166","0DCD12B46551B17872FAE2D1DA5D7AD0DFB57065F3DC1A7DDB72110F78087008"
"unity\Packages\com.unity.robotics.ros-tcp-connector\Runtime\Extensions\CameraInfoGenerator.cs","10723","49F852D6750DFE331905C5BA1C627136E964DA7AEC5C3BEC89CB1839FABA7352"
"unity\Packages\com.unity.robotics.ros-tcp-connector\Runtime\Extensions\CameraInfoGenerator.cs.meta","86","EDA53ED55E5621E295E60B05DE5CD6BABBC96B622D8E6DA356F8D456304C6BDF"
"unity\Packages\com.unity.robotics.ros-tcp-connector\Runtime\Extensions\MatrixExtensions.cs","6990","29EDE93B501C0C34141A888694C93BC233BDEEAB96E1C50B5D028836645DAFFC"
"unity\Packages\com.unity.robotics.ros-tcp-connector\Runtime\Extensions\MatrixExtensions.cs.meta","243","56DC26047004522F468C0D246F7DE3B47400D058B095F9F4954CCE5340DCE113"
"unity\Packages\com.unity.robotics.ros-tcp-connector\Runtime\Extensions\MessageExtensions.cs","27540","C302552762E4413CE1A6FC5D52F16C1E56CD3D82C71FA8B23C123E42AE382E93"
"unity\Packages\com.unity.robotics.ros-tcp-connector\Runtime\Extensions\MessageExtensions.cs.meta","243","11A16D92F56A60A81B7C69F69248237AFB87C50799A3E7BEF5D081BD31692740"
"unity\Packages\com.unity.robotics.ros-tcp-connector\Runtime\MessageGeneration\Message.cs","1175","17BDC100D1E56A33174CE65FD513EB930DCD58CDFB0DB871CB4DE71A92FB686C"
"unity\Packages\com.unity.robotics.ros-tcp-connector\Runtime\MessageGeneration\Message.cs.meta","243","288D0B1A70FA218B3E2F1D9C57D26C3772D0712533EB8FE9DDE04B6BE907B1ED"
"unity\Packages\com.unity.robotics.ros-tcp-connector\Runtime\MessageGeneration\MessageDeserializer.cs","4886","CEBA9CCA1D9B8601C89E41342EAEADBD28F2D73FB84FC0093A64F77568E30851"
"unity\Packages\com.unity.robotics.ros-tcp-connector\Runtime\MessageGeneration\MessageDeserializer.cs.meta","243","FB54E4F75A0DA37AEA8D2F2A9692E2FEAD9736844B2E8343EE671CA8B83E2241"
"unity\Packages\com.unity.robotics.ros-tcp-connector\Runtime\MessageGeneration\MessageRegistry.cs","2534","0C73FC02ABA503817948CF81018D0683CA8AF84FBDEC6F827F2FD4AB03E2B59B"
"unity\Packages\com.unity.robotics.ros-tcp-connector\Runtime\MessageGeneration\MessageRegistry.cs.meta","243","FC799623E50781E00A24D949121B98F6244A68A2CAB21D82E06DC5E90F14132B"
"unity\Packages\com.unity.robotics.ros-tcp-connector\Runtime\MessageGeneration\MessageSerializer.cs","11984","2AFED0DBA4ED5A153BEEED2E1F99BB3299746773621BBFE4E074964C89C76AD6"
"unity\Packages\com.unity.robotics.ros-tcp-connector\Runtime\MessageGeneration\MessageSerializer.cs.meta","243","78FFF89C8F4A5160533C0536B7E2E7710951B0C842C3551C7B5B40E768800A6F"
"unity\Packages\com.unity.robotics.ros-tcp-connector\Runtime\MessageGeneration\MessageSubtopic.cs","210","B0FE70EDDC9CB8C2CD5E6DA0CB7944564F2254433AF8B52D662213EA14E041A2"
"unity\Packages\com.unity.robotics.ros-tcp-connector\Runtime\MessageGeneration\MessageSubtopic.cs.meta","243","4EEE2B938FC677FA4FEA591F9DD3B79DF6D94A3A3539F69B9F71823BB0D1FAE4"
"unity\Packages\com.unity.robotics.ros-tcp-connector\Runtime\MessageGeneration\Unity.Robotics.ROSTCPConnector.MessageGeneration.asmdef","64","F61653806F9321EF4D5A458B8CB066237B4D97BD417503A84470E7EFF0EE59EB"
"unity\Packages\com.unity.robotics.ros-tcp-connector\Runtime\MessageGeneration\Unity.Robotics.ROSTCPConnector.MessageGeneration.asmdef.meta","166","5C8DE65E105E470AD5F2202DE447025D8C9B783CF5C56711114D371948CFE204"
"unity\Packages\com.unity.robotics.ros-tcp-connector\Runtime\Messages\Actionlib.meta","172","62F3D8B5A8E2BD639BA84E6B6C03F43547A13F085BB9CEE8C887514678B54ACD"
"unity\Packages\com.unity.robotics.ros-tcp-connector\Runtime\Messages\Diagnostic.meta","172","E06B282DC7EA13B287D433E3B8C93653F60EE7A7439968AFA64FB0387A3B4FB3"
"unity\Packages\com.unity.robotics.ros-tcp-connector\Runtime\Messages\Geometry.meta","172","3B393173360EE994191013391EDACBDEB18D4244F2E0C7093712C18C93BD1D33"
"unity\Packages\com.unity.robotics.ros-tcp-connector\Runtime\Messages\HandwrittenMessages.meta","172","0DDB76A984B502FDBA8990AE83237180647AF38C21F8C12F63477EAFF958CB35"
"unity\Packages\com.unity.robotics.ros-tcp-connector\Runtime\Messages\MessageBackwardsCompat.cs","73129","BB027326E91EE3673370611BE3A59C28EEEF83BD3623BD25C53D8EFBB3704E0A"
"unity\Packages\com.unity.robotics.ros-tcp-connector\Runtime\Messages\MessageBackwardsCompat.cs.meta","243","0506A393D9845E53FB603D78AD68D991E6B13A130EE07534A7596684FA31FF82"
"unity\Packages\com.unity.robotics.ros-tcp-connector\Runtime\Messages\Nav.meta","172","CCD7A14EEE501D6D99C35B7819E2F1DAC0DC4915024A0919C5D1DDD4D31C164F"
"unity\Packages\com.unity.robotics.ros-tcp-connector\Runtime\Messages\ObjectRecognition.meta","172","4984CBB4D9B4154C48B435F9BDEC64D347AAA2A344E5ED353DBD64D0D5D2EAD7"
"unity\Packages\com.unity.robotics.ros-tcp-connector\Runtime\Messages\Octomap.meta","172","93F4D0AAC96C46D4DD381226F0A9AC3B9945283AC07AB10F8BEC1A9438A55598"
"unity\Packages\com.unity.robotics.ros-tcp-connector\Runtime\Messages\Rosgraph.meta","172","46A0094D8A6794382137265CD554C13C66CE81708EA400CEA227EEA91457D34E"
"unity\Packages\com.unity.robotics.ros-tcp-connector\Runtime\Messages\Sensor.meta","172","2995BE8E7CBDAC80DA6C22BB7B7F30006D5417AF8D6EF463502412EF6B2CD010"
"unity\Packages\com.unity.robotics.ros-tcp-connector\Runtime\Messages\Shape.meta","172","9F642F023820CC6B4AA060CB538E419564375C0D54419064503BF528B77BA436"
"unity\Packages\com.unity.robotics.ros-tcp-connector\Runtime\Messages\Std.meta","172","C96EA8F2A5D3E067890707E66CE2EEEF4CD297D5D2BBC4CBB3FB19FB7B8A17CD"
"unity\Packages\com.unity.robotics.ros-tcp-connector\Runtime\Messages\Stereo.meta","172","A2A22BFAFD22345C466536E0B599167931BE37168A92DC4FF37FA6C037151C14"
"unity\Packages\com.unity.robotics.ros-tcp-connector\Runtime\Messages\Tf2.meta","172","42AD44744755620B41172F7BCCA0CEBF393FF291B8C1FF514797DDDE7AB81454"
"unity\Packages\com.unity.robotics.ros-tcp-connector\Runtime\Messages\Trajectory.meta","172","29067F7B816537E1E17F1997DD5C822155EDE8AE51A8338C76B70F3B6E949FF4"
"unity\Packages\com.unity.robotics.ros-tcp-connector\Runtime\Messages\Unity.Robotics.ROSTCPConnector.Messages.asmdef","425","FDD143742C5D2C0C54CA550826B5AFE4D8FAF9AE3C7734395D62845E523CC59A"
"unity\Packages\com.unity.robotics.ros-tcp-connector\Runtime\Messages\Unity.Robotics.ROSTCPConnector.Messages.asmdef.meta","166","661EA2D304598B70890DDFAD26DE960C54178C10509AED0672EB05719654D6DA"
"unity\Packages\com.unity.robotics.ros-tcp-connector\Runtime\Messages\Visualization.meta","172","26657C378A7659DA2A448B89E8658F5D9E6DC79FD75D90156370F54EFF7811EE"
"unity\Packages\com.unity.robotics.ros-tcp-connector\Runtime\Messages\Actionlib\msg.meta","172","8CAE2A9177367C1AD7515E3B8FDC7AF4B0DB32514F5C979D63DF4FC7B8F193F5"
"unity\Packages\com.unity.robotics.ros-tcp-connector\Runtime\Messages\Actionlib\msg\GoalIDMsg.cs","2110","2B4F3917BE86BC79D13F19C52C9FCF0C9214C0BB7E1D5010A812CFFEB2CD8BAC"
"unity\Packages\com.unity.robotics.ros-tcp-connector\Runtime\Messages\Actionlib\msg\GoalIDMsg.cs.meta","243","7969C9588D18C881E4281622A1EDF054FDDD09C50255ABDACF14DC9762C62863"
"unity\Packages\com.unity.robotics.ros-tcp-connector\Runtime\Messages\Actionlib\msg\GoalStatusArrayMsg.cs","2128","45F3A51B921A68D255D557B4567D40BCF5448F44E310AE85EB1A177F307DF429"
"unity\Packages\com.unity.robotics.ros-tcp-connector\Runtime\Messages\Actionlib\msg\GoalStatusArrayMsg.cs.meta","243","82A291F88BAD83F76B6E8E3BC41F2D5612870D2B686C0D23348539EB4599E8F7"
"unity\Packages\com.unity.robotics.ros-tcp-connector\Runtime\Messages\Actionlib\msg\GoalStatusMsg.cs","3616","64DA7145235B38ED5DEC8AB0992E2434A49CF526519F89FB742A67A19972C363"
"unity\Packages\com.unity.robotics.ros-tcp-connector\Runtime\Messages\Actionlib\msg\GoalStatusMsg.cs.meta","243","C79E164CD5965E8D46BBC387785ED8EA66156B3114A53FAFFCF8E26A04823163"
"unity\Packages\com.unity.robotics.ros-tcp-connector\Runtime\Messages\Diagnostic\msg.meta","172","22ECF67DF208F98E0D8C8366120349786F256E72D804AF0AB29FAE564D738964"
"unity\Packages\com.unity.robotics.ros-tcp-connector\Runtime\Messages\Diagnostic\srv.meta","172","1614B649C54C38229D804A2A3C7ADCE2D2928444779D2399C8FB0CE841ED7E69"
"unity\Packages\com.unity.robotics.ros-tcp-connector\Runtime\Messages\Diagnostic\msg\DiagnosticArrayMsg.cs","2170","43D8400DEAB7AEB26FABA66A3A5F0C1B9D3A1AE132A0EF3ED2237B1F550955C7"
"unity\Packages\com.unity.robotics.ros-tcp-connector\Runtime\Messages\Diagnostic\msg\DiagnosticArrayMsg.cs.meta","243","99EF365F0C49CBE6A8A21B09E5E1A8E4B7414FEAFE002B9A9C9FA3A1A86F4E12"
"unity\Packages\com.unity.robotics.ros-tcp-connector\Runtime\Messages\Diagnostic\msg\DiagnosticStatusMsg.cs","3208","F8F7CE8FFA4276055753DE502398C1B7F3D42126425942416A2B18447F772645"
"unity\Packages\com.unity.robotics.ros-tcp-connector\Runtime\Messages\Diagnostic\msg\DiagnosticStatusMsg.cs.meta","243","AF413A127C1007CFA6C51360365B2A010032E10A197DF0657DAE76D45E6F029C"
"unity\Packages\com.unity.robotics.ros-tcp-connector\Runtime\Messages\Diagnostic\msg\KeyValueMsg.cs","1759","ABF1247715719B3AE15CC7E0F51048B42F4C7B21637BD4B590EFBD8604725B66"
"unity\Packages\com.unity.robotics.ros-tcp-connector\Runtime\Messages\Diagnostic\msg\KeyValueMsg.cs.meta","243","F2E298C90128FD490152435969C63E3BFC3B677FAA3D06B8A56B5CD8870EB307"
"unity\Packages\com.unity.robotics.ros-tcp-connector\Runtime\Messages\Diagnostic\srv\AddDiagnosticsRequest.cs","2840","472D77886ABAEC25EE535C4AD607C090A46BB18F1D2EBF6F38E7CF4FC395AF99"
"unity\Packages\com.unity.robotics.ros-tcp-connector\Runtime\Messages\Diagnostic\srv\AddDiagnosticsRequest.cs.meta","243","3A57F0AC476A1500E136B0D2FC4CFCFCE926D8C953E947399DBC574DCDD66020"
"unity\Packages\com.unity.robotics.ros-tcp-connector\Runtime\Messages\Diagnostic\srv\AddDiagnosticsResponse.cs","2196","F79C5BD267C96611FABFDF6C96128E9A2FD1E59476936CEE993C2163A59F0039"
"unity\Packages\com.unity.robotics.ros-tcp-connector\Runtime\Messages\Diagnostic\srv\AddDiagnosticsResponse.cs.meta","243","CA3F8705C54AF999B068A042501091A1F7D3E0A1919987376F600B118D9909B0"
"unity\Packages\com.unity.robotics.ros-tcp-connector\Runtime\Messages\Diagnostic\srv\SelfTestRequest.cs","1185","77D455BB9477B203D97A3CE257551BA6D38FE4EE235424BAD4353389DAC6D8C3"
"unity\Packages\com.unity.robotics.ros-tcp-connector\Runtime\Messages\Diagnostic\srv\SelfTestRequest.cs.meta","243","B65E9D0B615A158A298D97E43EA30EE99BADA5C75E945C9B31F5D351F72A1F48"
"unity\Packages\com.unity.robotics.ros-tcp-connector\Runtime\Messages\Diagnostic\srv\SelfTestResponse.cs","2160","4D3A01EB286465258F63528A71CDD7DEB6758AF880AA17BFF664F25BD8965D32"
"unity\Packages\com.unity.robotics.ros-tcp-connector\Runtime\Messages\Diagnostic\srv\SelfTestResponse.cs.meta","243","C6BD09211DB17F378575FC71AA7F4EC35BFF0E820303B4E70CD37DFD56D2B81E"
"unity\Packages\com.unity.robotics.ros-tcp-connector\Runtime\Messages\Geometry\msg.meta","172","13AF6BD97EBAAE3BE30FDB42B257D8DA955B06EE029687724F95CB116EA38C4C"
"unity\Packages\com.unity.robotics.ros-tcp-connector\Runtime\Messages\Geometry\msg\AccelMsg.cs","1857","EF70A1A714A11E7C1E5BA7B4AEA022A7C22F84FB85C65EC69C40CB4BCF20474A"
"unity\Packages\com.unity.robotics.ros-tcp-connector\Runtime\Messages\Geometry\msg\AccelMsg.cs.meta","243","15D72F198A1D4F4CF217DE4ACA9127AC84CDD1407E89D42C38C1B5F1BB3927B2"
"unity\Packages\com.unity.robotics.ros-tcp-connector\Runtime\Messages\Geometry\msg\AccelStampedMsg.cs","1870","C0727007B0826AFC98C7D8D4D43C9AAFF34432B25FB0BD567C3249D0D7680F61"
"unity\Packages\com.unity.robotics.ros-tcp-connector\Runtime\Messages\Geometry\msg\AccelStampedMsg.cs.meta","243","75B956BF3A62345A3B1D62A857146C0C1C10B587DB156D18E636A386C3214CC6"
"unity\Packages\com.unity.robotics.ros-tcp-connector\Runtime\Messages\Geometry\msg\AccelWithCovarianceMsg.cs","2248","81C8FEE04FD529676EF5A2671274D77F464A1F2AC4447D19A0ACA6FF0B13AC54"
"unity\Packages\com.unity.robotics.ros-tcp-connector\Runtime\Messages\Geometry\msg\AccelWithCovarianceMsg.cs.meta","243","665C556D6D2F59E9E7746DFFDAAB480B85385C1E7AEB86CA72FB777E5478A605"
"unity\Packages\com.unity.robotics.ros-tcp-connector\Runtime\Messages\Geometry\msg\AccelWithCovarianceStampedMsg.cs","2065","462ECC37B47E7E7B74D10B7169023553B48879874C4FDBBC6A34789B9BE7DF29"
"unity\Packages\com.unity.robotics.ros-tcp-connector\Runtime\Messages\Geometry\msg\AccelWithCovarianceStampedMsg.cs.meta","243","87F1F242510AC997611AFDFF0A03FC9E615136617B6006AF80B44C688A6A87B8"
"unity\Packages\com.unity.robotics.ros-tcp-connector\Runtime\Messages\Geometry\msg\InertiaMsg.cs","3170","837F4DA6E736D7B36EFC0D1204DBBAAFEA5093408D3B2C983C361DAC5065B3A6"
"unity\Packages\com.unity.robotics.ros-tcp-connector\Runtime\Messages\Geometry\msg\InertiaMsg.cs.meta","243","87D3C0AC0DF51719382F0006D5F1FF051F49DA40EA50921640A7BE42E97CE9C1"
"unity\Packages\com.unity.robotics.ros-tcp-connector\Runtime\Messages\Geometry\msg\InertiaStampedMsg.cs","1907","44E5938596597F4125DF132A54761553A7F6E042591B2D8BF8D428490903F938"
"unity\Packages\com.unity.robotics.ros-tcp-connector\Runtime\Messages\Geometry\msg\InertiaStampedMsg.cs.meta","243","DA7B03663C4D145A18D0060743982725155E5DEF04E86E31F0B0B79F66CFA1B3"
"unity\Packages\com.unity.robotics.ros-tcp-connector\Runtime\Messages\Geometry\msg\Point32Msg.cs","2203","1C6F3C57AA0E558997F80C634509F41C0BAED5AA2D06C1CD804BC0CD1A737711"
"unity\Packages\com.unity.robotics.ros-tcp-connector\Runtime\Messages\Geometry\msg\Point32Msg.cs.meta","243","929C075471102ABD6AA818A48FE3977D449BF050891BDA0CB6372AB1D274C4E7"
"unity\Packages\com.unity.robotics.ros-tcp-connector\Runtime\Messages\Geometry\msg\PointMsg.cs","1855","CD5BF6E4F4CAFADDF0F76C0960A86D12F43C3BFFBC7A332E52BDED97EB3133CD"
"unity\Packages\com.unity.robotics.ros-tcp-connector\Runtime\Messages\Geometry\msg\PointMsg.cs.meta","243","5532799C3C36FFA3C195834194256C375968DE924BD2BC65C0EEED633D50CF76"
"unity\Packages\com.unity.robotics.ros-tcp-connector\Runtime\Messages\Geometry\msg\PointStampedMsg.cs","1885","6680D3A5049EC36510D2287843C4115D7DAF620A88EF64B805657BB71A8993A5"
"unity\Packages\com.unity.robotics.ros-tcp-connector\Runtime\Messages\Geometry\msg\PointStampedMsg.cs.meta","243","5F62CBFE8E2A3E99E63816D671172FB84CD439B71C19CCC6C97FB84DEE447298"
"unity\Packages\com.unity.robotics.ros-tcp-connector\Runtime\Messages\Geometry\msg\PolygonMsg.cs","1697","1477D6EB87C767E6278AA7989930F4D85FE64346B3A4F69F518F37C6A0AA79F4"
"unity\Packages\com.unity.robotics.ros-tcp-connector\Runtime\Messages\Geometry\msg\PolygonMsg.cs.meta","243","149E5F2A2D9E894B4EB047AE862E9ABDF0A0AC860ADE0F698FEA1B8F3CBF15C2"
"unity\Packages\com.unity.robotics.ros-tcp-connector\Runtime\Messages\Geometry\msg\PolygonStampedMsg.cs","1929","D2D5158DE5389FB63ED07EDBBC14DFAD75838863C0DF4B330382AB605635D6FC"
"unity\Packages\com.unity.robotics.ros-tcp-connector\Runtime\Messages\Geometry\msg\PolygonStampedMsg.cs.meta","243","EFD8B7552533D1405DEE39785EF66D6CB8933F445381B27F35492A7388BA05F5"
"unity\Packages\com.unity.robotics.ros-tcp-connector\Runtime\Messages\Geometry\msg\Pose2DMsg.cs","2772","6604F84FC7B2EFFD34F401629B3BA268FA2E216F6ADE4B830B886D252B9831AD"
"unity\Packages\com.unity.robotics.ros-tcp-connector\Runtime\Messages\Geometry\msg\Pose2DMsg.cs.meta","243","32F245D1DFD6207EC0794E7D2D046BD04FAC8187B937C20905CEB78094C6DD72"
"unity\Packages\com.unity.robotics.ros-tcp-connector\Runtime\Messages\Geometry\msg\PoseArrayMsg.cs","1953","8DD43819A36187CB85672F8F1CAC760F097F409974E1388C7BBDF361516A1ABC"
"unity\Packages\com.unity.robotics.ros-tcp-connector\Runtime\Messages\Geometry\msg\PoseArrayMsg.cs.meta","243","231E17EBA02FFB7393D08D24C5A326339791B0D33E8F30D5383C67F88907E747"
"unity\Packages\com.unity.robotics.ros-tcp-connector\Runtime\Messages\Geometry\msg\PoseMsg.cs","1901","A7E2C668DF0AB8E7AF2794BE197726BF5950C6BB22A262B6C0F936CF515AC84F"
"unity\Packages\com.unity.robotics.ros-tcp-connector\Runtime\Messages\Geometry\msg\PoseMsg.cs.meta","243","771FDCE6DC38A21CC8F203E079ACE1AA106993463E1C27D5BB49A5BDF0FAEB2F"
"unity\Packages\com.unity.robotics.ros-tcp-connector\Runtime\Messages\Geometry\msg\PoseStampedMsg.cs","1847","4913F6A4C93C9A04F53B5287D0F599CA03D2B6B6194B9C6C5E2D6CF833436EAF"
"unity\Packages\com.unity.robotics.ros-tcp-connector\Runtime\Messages\Geometry\msg\PoseStampedMsg.cs.meta","243","683BCD36FE86359B9D538A3A94BB7787FCD823857F26C264304E4FDCFC4CF013"
"unity\Packages\com.unity.robotics.ros-tcp-connector\Runtime\Messages\Geometry\msg\PoseWithCovarianceMsg.cs","2222","CB0300BD9402C9FE148CAFB272800D37A82F164A976E3DD65E2E01E0FF2FF496"
"unity\Packages\com.unity.robotics.ros-tcp-connector\Runtime\Messages\Geometry\msg\PoseWithCovarianceMsg.cs.meta","243","FB8CFC89880F1AD56ED0754EC3BB8105532249A1D3501CBB6CD96B862821C38D"
"unity\Packages\com.unity.robotics.ros-tcp-connector\Runtime\Messages\Geometry\msg\PoseWithCovarianceStampedMsg.cs","2043","195C26C170D8D463096A10BA8508640D3D6FFF1ED4A5A225AFB7C97F14D90479"
"unity\Packages\com.unity.robotics.ros-tcp-connector\Runtime\Messages\Geometry\msg\PoseWithCovarianceStampedMsg.cs.meta","243","603987493839A29C90836C8D9929EB3A689C2BAE06D52CBF9218F4C6A8533643"
"unity\Packages\com.unity.robotics.ros-tcp-connector\Runtime\Messages\Geometry\msg\QuaternionMsg.cs","2023","5CDBAC59E5AA83A7D491A69D6CBB4857C075311932B2C34CDD5D7197E401DA25"
"unity\Packages\com.unity.robotics.ros-tcp-connector\Runtime\Messages\Geometry\msg\QuaternionMsg.cs.meta","243","B57DF43F28707313ED850815B8C815FDC2F3F497E2B7C66221F82CBBAC061774"
"unity\Packages\com.unity.robotics.ros-tcp-connector\Runtime\Messages\Geometry\msg\QuaternionStampedMsg.cs","1998","8BA64797EA70CB47B51DAB34A4FE384C8827D0B57D5E39FDB43BE218173BA50D"
"unity\Packages\com.unity.robotics.ros-tcp-connector\Runtime\Messages\Geometry\msg\QuaternionStampedMsg.cs.meta","243","2125C386C5D42179CF651B513C0A4C63E77CB277AC4CE37BC481AEF262DF42E2"
"unity\Packages\com.unity.robotics.ros-tcp-connector\Runtime\Messages\Geometry\msg\TransformMsg.cs","1946","D23762FD5B0920B9C6C60A59265C23E951B411EF0793C788B6D4A91B2A59661F"
"unity\Packages\com.unity.robotics.ros-tcp-connector\Runtime\Messages\Geometry\msg\TransformMsg.cs.meta","243","C04960432C16682A0A5A4F38C4587224A449AF15B06208193054F07C9B2AD983"
"unity\Packages\com.unity.robotics.ros-tcp-connector\Runtime\Messages\Geometry\msg\TransformStampedMsg.cs","3006","BAADB00AC8C4685F50BB37ACED4CE4E0A2DB5746323A87A15523CA854B6DF162"
"unity\Packages\com.unity.robotics.ros-tcp-connector\Runtime\Messages\Geometry\msg\TransformStampedMsg.cs.meta","243","3E913222D18ED8C05B70F4DA05733692F56E74EE2A6BD2938308F1F93E8504C5"
"unity\Packages\com.unity.robotics.ros-tcp-connector\Runtime\Messages\Geometry\msg\TwistMsg.cs","1853","C8FF69E3E53C8E1978622326A6E31F71ABA6A5BF14E0F0C8F02169FE741FF406"
"unity\Packages\com.unity.robotics.ros-tcp-connector\Runtime\Messages\Geometry\msg\TwistMsg.cs.meta","243","48C7900FD8245C4A3163F01BB0D7211A929044396A6ECD6020BE13B3BEF8363C"
"unity\Packages\com.unity.robotics.ros-tcp-connector\Runtime\Messages\Geometry\msg\TwistStampedMsg.cs","1869","758C2C138462707A49BBD9547E41A4AD0B9525D209AB14D87C8BC80203DFACB1"
"unity\Packages\com.unity.robotics.ros-tcp-connector\Runtime\Messages\Geometry\msg\TwistStampedMsg.cs.meta","243","C1A13B6C070FD935F9AA82DAC14CDAC251DA6ACD1F3D780C66D2266178F26420"
"unity\Packages\com.unity.robotics.ros-tcp-connector\Runtime\Messages\Geometry\msg\TwistWithCovarianceMsg.cs","2244","9A12BD8F822D3C5B39F0D275EDCA5BA30151D2F68EB670BBFBCAA525FB341E17"
"unity\Packages\com.unity.robotics.ros-tcp-connector\Runtime\Messages\Geometry\msg\TwistWithCovarianceMsg.cs.meta","243","BCE452C8E4A085A35A50142BF9C1C37A55DE18D7DCE46491B0A6198B88B74A46"
"unity\Packages\com.unity.robotics.ros-tcp-connector\Runtime\Messages\Geometry\msg\TwistWithCovarianceStampedMsg.cs","2065","F14A159F26E4CA7666E6EA343895D77D6D8537187FD4A353894D3A9F3F9BD8DB"
"unity\Packages\com.unity.robotics.ros-tcp-connector\Runtime\Messages\Geometry\msg\TwistWithCovarianceStampedMsg.cs.meta","243","8E920677F6697BC198328E0A58897DFC467BCC9C21DD3BAEDEE52D03CAEA9C2C"
"unity\Packages\com.unity.robotics.ros-tcp-connector\Runtime\Messages\Geometry\msg\Vector3Msg.cs","2066","69787104DB827D63CDC008392155FCD27402BD6F68C5B7B26EF5B4CFDA3530A0"
"unity\Packages\com.unity.robotics.ros-tcp-connector\Runtime\Messages\Geometry\msg\Vector3Msg.cs.meta","243","F8FBF89D65FA9E361F8C7E7FFF81E5B4A564640CF9E7F35C31F97F8BDA4C8513"
"unity\Packages\com.unity.robotics.ros-tcp-connector\Runtime\Messages\Geometry\msg\Vector3StampedMsg.cs","2111","00ED4A7CC7871D9DCF25CB58E9D38581EA183CA98AA4C02B45D6DA73FB89749C"
"unity\Packages\com.unity.robotics.ros-tcp-connector\Runtime\Messages\Geometry\msg\Vector3StampedMsg.cs.meta","243","FE73F9EE803BA3CDFED6C8D0873EC0C1479AD95E2178001FCCCB319133124579"
"unity\Packages\com.unity.robotics.ros-tcp-connector\Runtime\Messages\Geometry\msg\WrenchMsg.cs","1845","D870C0ABEAB386DB2FB7F9B71656D45EF09BD82B9DE9B6943E17598E22130DA0"
"unity\Packages\com.unity.robotics.ros-tcp-connector\Runtime\Messages\Geometry\msg\WrenchMsg.cs.meta","243","7C0F30BE83929F4C43EEFA38C89BF99BE8E4A80E1EBD7223FA55CBEAD7C06C5B"
"unity\Packages\com.unity.robotics.ros-tcp-connector\Runtime\Messages\Geometry\msg\WrenchStampedMsg.cs","1891","5C02CEF33E3995EF9B9EA31963DF1A897FD8A08D12781E7F701EBC8D36DDCC96"
"unity\Packages\com.unity.robotics.ros-tcp-connector\Runtime\Messages\Geometry\msg\WrenchStampedMsg.cs.meta","243","EA46BE3F3DC79DBC8AEABCC6D797BA41B5A5BBBEBB701C8E42F9243B2EF961C3"
"unity\Packages\com.unity.robotics.ros-tcp-connector\Runtime\Messages\HandwrittenMessages\action.meta","172","47CAD3A45245012C4D600E6336304DDE0D16CD03F1E4510F5C8EADBEA248DD49"
"unity\Packages\com.unity.robotics.ros-tcp-connector\Runtime\Messages\HandwrittenMessages\msg.meta","172","91435D691197BCC5172FB320081FAC8FFD977E6CAB23E8BDE2198ACC9EB7A89A"
"unity\Packages\com.unity.robotics.ros-tcp-connector\Runtime\Messages\HandwrittenMessages\action\Action.cs","1505","48840F9BE8C641F2364257B72E2E05999C1AFC66BD309794B64FBE8DB3C5FFE6"
"unity\Packages\com.unity.robotics.ros-tcp-connector\Runtime\Messages\HandwrittenMessages\action\Action.cs.meta","243","5AD14FCEE421CC76B85857C9548F95991CBDA8C121DEF693716E76853A41D674"
"unity\Packages\com.unity.robotics.ros-tcp-connector\Runtime\Messages\HandwrittenMessages\action\ActionFeedback.cs","1467","1E617600A52528C6797096824BA735F51AFFA588A165CFD97D17557D5161E957"
"unity\Packages\com.unity.robotics.ros-tcp-connector\Runtime\Messages\HandwrittenMessages\action\ActionFeedback.cs.meta","243","D78645CA802FA6B93CD8A694702D5C1BBF72B56910DDE3142872B75F8650BEB1"
"unity\Packages\com.unity.robotics.ros-tcp-connector\Runtime\Messages\HandwrittenMessages\action\ActionGoal.cs","1425","ABE898508A1DA0DB2F4375E56EBD186FEE53CCCBEDE874EE7AAC55BC750CD187"
"unity\Packages\com.unity.robotics.ros-tcp-connector\Runtime\Messages\HandwrittenMessages\action\ActionGoal.cs.meta","243","132CC0DC00FB7D2C1BB0F9D0A075ED6363667033440FEBE959BDA9BCC563078E"
"unity\Packages\com.unity.robotics.ros-tcp-connector\Runtime\Messages\HandwrittenMessages\action\ActionResult.cs","1452","78ECFB58221F50CBAA94CFC247F3B0649D532B80A7D3758F7A87A2F1C9B990DA"
"unity\Packages\com.unity.robotics.ros-tcp-connector\Runtime\Messages\HandwrittenMessages\action\ActionResult.cs.meta","243","F3ACFCF44E3545DDECB86CD2BF2F11BC3BDB688B0B3CBAD3EB147250101F4DA0"
"unity\Packages\com.unity.robotics.ros-tcp-connector\Runtime\Messages\HandwrittenMessages\msg\CameraInfoMsg.cs","12333","02F598AB4F5958348B40001D72AF1EACE4CA52147A8EA4226CA61D124507ED91"
"unity\Packages\com.unity.robotics.ros-tcp-connector\Runtime\Messages\HandwrittenMessages\msg\CameraInfoMsg.cs.meta","243","CF94D108AA3FD3C22A50E95403F147714D02E9AC904E7690C641BD28D2FA50C1"
"unity\Packages\com.unity.robotics.ros-tcp-connector\Runtime\Messages\HandwrittenMessages\msg\DurationMsg.cs","2389","BF4C383D59EC4D348BE7888E62DB9DC0215C9C77BEB8B48F33FD4635B48FD91F"
"unity\Packages\com.unity.robotics.ros-tcp-connector\Runtime\Messages\HandwrittenMessages\msg\DurationMsg.cs.meta","243","566DCB00A09B288ED8E449ABAA3FDCE0BFBB3A2CAE9303DF114D4C5DBD90C84F"
"unity\Packages\com.unity.robotics.ros-tcp-connector\Runtime\Messages\HandwrittenMessages\msg\HeaderMsg.cs","2953","8C027D2E5BC3151E42818B4EDC179EA6D008C7451D59AC099723F29F1F60E980"
"unity\Packages\com.unity.robotics.ros-tcp-connector\Runtime\Messages\HandwrittenMessages\msg\HeaderMsg.cs.meta","243","7B0ADA35EE0778CCB4A61AACC3D0BF10FE079F00A3ECF18FA7DBC16956DDFF5E"
"unity\Packages\com.unity.robotics.ros-tcp-connector\Runtime\Messages\HandwrittenMessages\msg\TimeMsg.cs","2254","532CB90DE34A28563662001ABE2E13995789A47D650A897D4560ECF7A48052B0"
"unity\Packages\com.unity.robotics.ros-tcp-connector\Runtime\Messages\HandwrittenMessages\msg\TimeMsg.cs.meta","243","100BF4B15154661FC85672FC3F9825530C5F20729E10A9F7E48F45EFD458B501"
"unity\Packages\com.unity.robotics.ros-tcp-connector\Runtime\Messages\Nav\action.meta","172","18968B3ECEB1D8E7C25BB429BD6D9DF5758EFEA0F42F04B9F032DDE6B4F4751D"
"unity\Packages\com.unity.robotics.ros-tcp-connector\Runtime\Messages\Nav\msg.meta","172","13E52126C86545D3A9C92DB966451B3509A5CBD75B5481222338F6559878C91A"
"unity\Packages\com.unity.robotics.ros-tcp-connector\Runtime\Messages\Nav\srv.meta","172","6EC7047A3653B1652639BD988AD8A628C2159B961AE2CD69E767E8E30D294DF5"
"unity\Packages\com.unity.robotics.ros-tcp-connector\Runtime\Messages\Nav\action\GetMapAction.cs","1329","C19AB38609A94FFD98573FDB9AE511A631D16D95E2B7AB694CA72B772D97404F"
"unity\Packages\com.unity.robotics.ros-tcp-connector\Runtime\Messages\Nav\action\GetMapAction.cs.meta","243","C44556677C00F1DE0F2EB51143B2F12A42531649BFF5BFA592943F170D5978D5"
"unity\Packages\com.unity.robotics.ros-tcp-connector\Runtime\Messages\Nav\action\GetMapActionFeedback.cs","1247","A9C3BF1652A6DCE2E321836520EC4B5AC577146DB736725D70E763F1312900D9"
"unity\Packages\com.unity.robotics.ros-tcp-connector\Runtime\Messages\Nav\action\GetMapActionFeedback.cs.meta","243","73C570A6E1EA64AADE1DB14E29F89E0132F72E5A23F03A9F586DD1B8CB785A6C"
"unity\Packages\com.unity.robotics.ros-tcp-connector\Runtime\Messages\Nav\action\GetMapActionGoal.cs","1174","2B482BDFC5B187476B3381ED7BC273594CA46A40C6D44EFCBEBAA2D3BAA2BA1F"
"unity\Packages\com.unity.robotics.ros-tcp-connector\Runtime\Messages\Nav\action\GetMapActionGoal.cs.meta","243","90B771FAB687FFDE05327306A989B19FFA0D425DC479B51AEFCCC4D4759BDF88"
"unity\Packages\com.unity.robotics.ros-tcp-connector\Runtime\Messages\Nav\action\GetMapActionResult.cs","1211","26DEA3B80D7D7900ED3B561B078D6B07864F3A8DA0AF47351A1BACF62AD5DF7D"
"unity\Packages\com.unity.robotics.ros-tcp-connector\Runtime\Messages\Nav\action\GetMapActionResult.cs.meta","243","8C5EF42AACF57005526972FBF09DFF2B73B86390A28B52BC099849CD78D319EE"
"unity\Packages\com.unity.robotics.ros-tcp-connector\Runtime\Messages\Nav\action\GetMapFeedback.cs","1213","A08D352CA305B8E8FA1A664A231B0FF7B17895174075D6B076AA2865732CC897"
"unity\Packages\com.unity.robotics.ros-tcp-connector\Runtime\Messages\Nav\action\GetMapFeedback.cs.meta","243","7F90029430FF95F75CBB88D18119275372F8142E36176D9E780323DC5AFAF49F"
"unity\Packages\com.unity.robotics.ros-tcp-connector\Runtime\Messages\Nav\action\GetMapGoal.cs","1213","B42C4E4974F2CAC3B7F09A6FC31AC700DE91B31CAB45F9BA98EC403A7E84D7E6"
"unity\Packages\com.unity.robotics.ros-tcp-connector\Runtime\Messages\Nav\action\GetMapGoal.cs.meta","243","56D0B9D33B77C941DC0D4EFEF9CBCA50E457727CF510D22CD10FD716FB7179A7"
"unity\Packages\com.unity.robotics.ros-tcp-connector\Runtime\Messages\Nav\action\GetMapResult.cs","1507","6D77EC13A74453F043714D71F0038975D7F7EEB763C234B02922B410012A381A"
"unity\Packages\com.unity.robotics.ros-tcp-connector\Runtime\Messages\Nav\action\GetMapResult.cs.meta","243","435D27B1001B8970A17498C319FE801BE003228F4F274A837F67318D673EBC69"
"unity\Packages\com.unity.robotics.ros-tcp-connector\Runtime\Messages\Nav\msg\GridCellsMsg.cs","2674","A254614DF4EC5DCB1ECBC8D1B984D2936B6631422A2467753DCFCF5E0DB71C60"
"unity\Packages\com.unity.robotics.ros-tcp-connector\Runtime\Messages\Nav\msg\GridCellsMsg.cs.meta","243","36709DDCB91F59764B32B048FFE166D2ECAD556C2D6CD769264D75E24083CF68"
"unity\Packages\com.unity.robotics.ros-tcp-connector\Runtime\Messages\Nav\msg\MapMetaDataMsg.cs","3072","C98771F2B8E0CE10AE28B1528F04B9B531C2DD28234CF34F5116ECD50D4AB209"
"unity\Packages\com.unity.robotics.ros-tcp-connector\Runtime\Messages\Nav\msg\MapMetaDataMsg.cs.meta","243","764E3EB31593BC5118C8EB8AD1678A9FF96A1C214BC20F7BAD9E34392BADE01A"
"unity\Packages\com.unity.robotics.ros-tcp-connector\Runtime\Messages\Nav\msg\OccupancyGridMsg.cs","2680","5030D77BDA7C387E599BD7252A71F4A8B37EE6D48BC895A8634D80196182C150"
"unity\Packages\com.unity.robotics.ros-tcp-connector\Runtime\Messages\Nav\msg\OccupancyGridMsg.cs.meta","243","D7C0C77F938F52319881855103FCAA5F5B319DD3C47F97C7E97C51E54C2AADB4"
"unity\Packages\com.unity.robotics.ros-tcp-connector\Runtime\Messages\Nav\msg\OdometryMsg.cs","3107","36856DDBB6607097D7BAFD7BB1B770056740264C871E5B210843958B67418CA9"
"unity\Packages\com.unity.robotics.ros-tcp-connector\Runtime\Messages\Nav\msg\OdometryMsg.cs.meta","243","5B479EB2B61134436A4C39FBA67471B116BADB7EF00ED5A35C32DBEEC84CADFD"
"unity\Packages\com.unity.robotics.ros-tcp-connector\Runtime\Messages\Nav\msg\PathMsg.cs","2063","AB2A17582C6BF8936EDC531C9D82EAEF76E18AC5595D580706CED15112881D75"
"unity\Packages\com.unity.robotics.ros-tcp-connector\Runtime\Messages\Nav\msg\PathMsg.cs.meta","243","B6B31E4BE90CB2B15EA34277D5F972683914631A77AC3F46DCEFD9DD017F8F0B"
"unity\Packages\com.unity.robotics.ros-tcp-connector\Runtime\Messages\Nav\srv\GetMapRequest.cs","1209","DCE67F83E3FAD9FE8FCF39618FABEE0B64619238F6D7F2FF1E8AB3ECB3EB82B4"
"unity\Packages\com.unity.robotics.ros-tcp-connector\Runtime\Messages\Nav\srv\GetMapRequest.cs.meta","243","1E78EDD237199570F828DCC89635EB12EA2A96213DB9E057DC5176DBB094C7C3"
"unity\Packages\com.unity.robotics.ros-tcp-connector\Runtime\Messages\Nav\srv\GetMapResponse.cs","1579","51D4813FA51DBF5207DC8034C4D061CCCA32C376425AF0629BF7674DFB21EA3A"
"unity\Packages\com.unity.robotics.ros-tcp-connector\Runtime\Messages\Nav\srv\GetMapResponse.cs.meta","243","7AE2084D51228FBE90CFF87301395A7D2DA939CB9B65DAE16A4964CFD3718028"
"unity\Packages\com.unity.robotics.ros-tcp-connector\Runtime\Messages\Nav\srv\GetPlanRequest.cs","2422","036BBFC5E2794FA58F7DB3F5083A17A081D7FE52D3F86D2F6AAFED4C7588C191"
"unity\Packages\com.unity.robotics.ros-tcp-connector\Runtime\Messages\Nav\srv\GetPlanRequest.cs.meta","243","EC80A5CF6AEB58258FB1F80AE562C12E063A1270A2E4D5B290D236E278F08E18"
"unity\Packages\com.unity.robotics.ros-tcp-connector\Runtime\Messages\Nav\srv\GetPlanResponse.cs","1581","126200AEF0A628C4FBB9D436D03C88C2D879760A57379C9F3F69001DB3545CE8"
"unity\Packages\com.unity.robotics.ros-tcp-connector\Runtime\Messages\Nav\srv\GetPlanResponse.cs.meta","243","94687E82599A4D5E01DBD865483FB5803155E664B5484EFF3660E178BDBBBC16"
"unity\Packages\com.unity.robotics.ros-tcp-connector\Runtime\Messages\Nav\srv\LoadMapRequest.cs","1669","1FF8E13B1CA2169FB92F95C5D7D136BB3ECA785A954C0EC8C4733FE40363A6FF"
"unity\Packages\com.unity.robotics.ros-tcp-connector\Runtime\Messages\Nav\srv\LoadMapRequest.cs.meta","243","0F3D3C1C2BFD6981649D8DDDAE0F802D428BB5C31C60F069E04D6F5FCCD3CEB2"
"unity\Packages\com.unity.robotics.ros-tcp-connector\Runtime\Messages\Nav\srv\LoadMapResponse.cs","2154","F785E753C0F0B4F26B0B33BFD3121BBCBF62DED484B6FB76E14674DEA14DC927"
"unity\Packages\com.unity.robotics.ros-tcp-connector\Runtime\Messages\Nav\srv\LoadMapResponse.cs.meta","243","380EC0B790EDE76BD4D4D4C7AFDE22B7BDBB28B24A2D222D71A5A52B71BF5C11"
"unity\Packages\com.unity.robotics.ros-tcp-connector\Runtime\Messages\Nav\srv\SetMapRequest.cs","2090","B2D744CB6FB020F3CE7D181711D874D3863DA1E1BCD0A8B594AA1D0CAED09FF3"
"unity\Packages\com.unity.robotics.ros-tcp-connector\Runtime\Messages\Nav\srv\SetMapRequest.cs.meta","243","F0221E99BFF5BA026899F024C3C6AFE2BD15252810AF710F9459690674DA44B7"
"unity\Packages\com.unity.robotics.ros-tcp-connector\Runtime\Messages\Nav\srv\SetMapResponse.cs","1563","312CC6C693555A66289BBA60F0F80B82CF7E317CBAF16C114E0D683FBB1DDD52"
"unity\Packages\com.unity.robotics.ros-tcp-connector\Runtime\Messages\Nav\srv\SetMapResponse.cs.meta","243","D72AF62D29266E5712D173F7B75C90D9D08D65A5FDDF6A8E60A074408F02F172"
"unity\Packages\com.unity.robotics.ros-tcp-connector\Runtime\Messages\ObjectRecognition\action.meta","172","A4B8B61A014ECCDB80ADD3CEF84DBB55107FF9080838F8FED5719CD1DB5BC749"
"unity\Packages\com.unity.robotics.ros-tcp-connector\Runtime\Messages\ObjectRecognition\msg.meta","172","91BEC74867230FB8BE1E34934908586DE9D45A34932BB33C08A8EC7E918D93C9"
"unity\Packages\com.unity.robotics.ros-tcp-connector\Runtime\Messages\ObjectRecognition\srv.meta","172","8129EB74DA691C5FD5DFA60523057179712BF81BB946B74C4CE2DCF58A0867A9"
"unity\Packages\com.unity.robotics.ros-tcp-connector\Runtime\Messages\ObjectRecognition\action\ObjectRecognitionAction.cs","1563","01DE62A700DEC32843113C2877C717408E5A25A2A9837FBF45B836D003488DBE"
"unity\Packages\com.unity.robotics.ros-tcp-connector\Runtime\Messages\ObjectRecognition\action\ObjectRecognitionAction.cs.meta","243","2CFF5AB3E3FBB2CFB4136F9187BE0A4937262BFC038DC3ECD917A4CC607B5EE5"
"unity\Packages\com.unity.robotics.ros-tcp-connector\Runtime\Messages\ObjectRecognition\action\ObjectRecognitionActionFeedback.cs","1404","649F8944935764DB807D3441EFBDA1CB66353737BA33F5C573791E34AD887F95"
"unity\Packages\com.unity.robotics.ros-tcp-connector\Runtime\Messages\ObjectRecognition\action\ObjectRecognitionActionFeedback.cs.meta","243","DDAF0B5FC09D3137EB0CCCD4427AD24791B58D71616A687FD5CB2D5271A3D77C"
"unity\Packages\com.unity.robotics.ros-tcp-connector\Runtime\Messages\ObjectRecognition\action\ObjectRecognitionActionGoal.cs","1331","4A507FE7975FE317ED60902F9F81C9BB8DB2452840F24C8B5C57AA7947085DBB"
"unity\Packages\com.unity.robotics.ros-tcp-connector\Runtime\Messages\ObjectRecognition\action\ObjectRecognitionActionGoal.cs.meta","243","DA87D4B2C631B01CF4D41D0389CE7EEC0EC92BA3599FD64FA302E3EE3E86E2D0"
"unity\Packages\com.unity.robotics.ros-tcp-connector\Runtime\Messages\ObjectRecognition\action\ObjectRecognitionActionResult.cs","1368","5EB6ED421ABF154049C926D337C00AE254F012E39CEB50B044C979BDC283F681"
"unity\Packages\com.unity.robotics.ros-tcp-connector\Runtime\Messages\ObjectRecognition\action\ObjectRecognitionActionResult.cs.meta","243","483EC9C29857D0137BAB924D2C209680872B7AEF52DBFF70742D6B18EA9CED12"
"unity\Packages\com.unity.robotics.ros-tcp-connector\Runtime\Messages\ObjectRecognition\action\ObjectRecognitionFeedback.cs","1325","D8747D1228FA020061846CBB76D7D08A3A209A4DEDF3CBA0B0972D6431E9755E"
"unity\Packages\com.unity.robotics.ros-tcp-connector\Runtime\Messages\ObjectRecognition\action\ObjectRecognitionFeedback.cs.meta","243","D89157D7D790C0A15EA98A3B6B197FAEF48F77A05ADC818B58FF8CB213DED315"
"unity\Packages\com.unity.robotics.ros-tcp-connector\Runtime\Messages\ObjectRecognition\action\ObjectRecognitionGoal.cs","2089","BF2D9B4FB8A8150A9D9C2014872C6E6EEA424018AC2936739D12908F6DDC507A"
"unity\Packages\com.unity.robotics.ros-tcp-connector\Runtime\Messages\ObjectRecognition\action\ObjectRecognitionGoal.cs.meta","243","BC067AB1B1F42041D4EE214D1DF96FA35E2C0D397E4F0F23F85C1EA0C7AF7DEC"
"unity\Packages\com.unity.robotics.ros-tcp-connector\Runtime\Messages\ObjectRecognition\action\ObjectRecognitionResult.cs","1861","C46F22E14AA3DBFEBDBA0ADCF67C762EB9CB4C6E92D3D8E0D155497137FD22D0"
"unity\Packages\com.unity.robotics.ros-tcp-connector\Runtime\Messages\ObjectRecognition\action\ObjectRecognitionResult.cs.meta","243","4454950DB86FFA1E5E24ABF5469F652C6B65F2BB976FA38BD0D1B51DFB670BF6"
"unity\Packages\com.unity.robotics.ros-tcp-connector\Runtime\Messages\ObjectRecognition\msg\ObjectInformationMsg.cs","2982","6A691763E54594CF47585395A62E89125497695D011117EC53A3966F85C75FC4"
"unity\Packages\com.unity.robotics.ros-tcp-connector\Runtime\Messages\ObjectRecognition\msg\ObjectInformationMsg.cs.meta","243","33DC327038F448299C0331F9721BA414829FBF2DE3E708BC0A2F46B2C683504C"
"unity\Packages\com.unity.robotics.ros-tcp-connector\Runtime\Messages\ObjectRecognition\msg\ObjectTypeMsg.cs","2902","4F4E5B39E9C7B0DE832F3EF08660A46A07CC69FA91424C850FFC627B000A78C0"
"unity\Packages\com.unity.robotics.ros-tcp-connector\Runtime\Messages\ObjectRecognition\msg\ObjectTypeMsg.cs.meta","243","E6E16FA4247BB599098B07317A818862A261976183F8FCBEB66BBBDD92CFAADB"
"unity\Packages\com.unity.robotics.ros-tcp-connector\Runtime\Messages\ObjectRecognition\msg\RecognizedObjectArrayMsg.cs","2962","187C95B5E6A56DAD1BA50C35FD3B9ECBACA27ABFC4E7EF0386F7B8583C9ED869"
"unity\Packages\com.unity.robotics.ros-tcp-connector\Runtime\Messages\ObjectRecognition\msg\RecognizedObjectArrayMsg.cs.meta","243","9E8D9C4885C1623A4E7220E69C64D0B914FE96D5AF1B0212E8B14DCEF0E10E04"
"unity\Packages\com.unity.robotics.ros-tcp-connector\Runtime\Messages\ObjectRecognition\msg\RecognizedObjectMsg.cs","5601","93E09919DE5D5FE879AD397E7F30AD13077ED43E0CDAB5C5557486F90BC7CD7D"
"unity\Packages\com.unity.robotics.ros-tcp-connector\Runtime\Messages\ObjectRecognition\msg\RecognizedObjectMsg.cs.meta","243","7A3A760B973C282C04030FBEFEF8DE5F163126B12FB73A0B335BA5D124A19B12"
"unity\Packages\com.unity.robotics.ros-tcp-connector\Runtime\Messages\ObjectRecognition\msg\TableArrayMsg.cs","1975","5E365F30C9DCF1BF0E98608088055883DF3B5901EF0DB01A10B87C9C56991E17"
"unity\Packages\com.unity.robotics.ros-tcp-connector\Runtime\Messages\ObjectRecognition\msg\TableArrayMsg.cs.meta","243","8D14EF846A22FF0117E8772D39B8C92652E5E50C010ACDD31FF5817A12622F76"
"unity\Packages\com.unity.robotics.ros-tcp-connector\Runtime\Messages\ObjectRecognition\msg\TableMsg.cs","2849","D9C13D6FCB19B08D1D1488C06554723AD023BA547EC9B9958BD59C256B18FD17"
"unity\Packages\com.unity.robotics.ros-tcp-connector\Runtime\Messages\ObjectRecognition\msg\TableMsg.cs.meta","243","52A2DC279B65FEFA69AD8E91916996D58E501786BCB16A86B2A38358DAD0D13C"
"unity\Packages\com.unity.robotics.ros-tcp-connector\Runtime\Messages\ObjectRecognition\srv\GetObjectInformationRequest.cs","1755","53AB6F6134076AA30B1EC88C07B65760DE663FDEB76E3005354933D3AA26F1F0"
"unity\Packages\com.unity.robotics.ros-tcp-connector\Runtime\Messages\ObjectRecognition\srv\GetObjectInformationRequest.cs.meta","243","11425E2AAB57F8EDC955E04133EFBD2EB5DFC3D7D62AE61ADB81B21BD21B23E4"
"unity\Packages\com.unity.robotics.ros-tcp-connector\Runtime\Messages\ObjectRecognition\srv\GetObjectInformationResponse.cs","1790","9ACB4D128AB204903674E618345658DCEB43236B3D02A5D10B28A758E3ABE23E"
"unity\Packages\com.unity.robotics.ros-tcp-connector\Runtime\Messages\ObjectRecognition\srv\GetObjectInformationResponse.cs.meta","243","4CF919E21FDF77E43C48FF8E85D8FF6ED838D35FD2BEAEE8312C769833C7F93A"
"unity\Packages\com.unity.robotics.ros-tcp-connector\Runtime\Messages\Octomap\msg.meta","172","DEC3E5F11CAA131D29889571C304E76E8EE6408260EEF33927216C1BA068E114"
"unity\Packages\com.unity.robotics.ros-tcp-connector\Runtime\Messages\Octomap\srv.meta","172","F6B5E9D6076EE69887118BE2CDFA7B3F5A4F26D05EC5CA299E453426209741BE"
"unity\Packages\com.unity.robotics.ros-tcp-connector\Runtime\Messages\Octomap\msg\OctomapMsg.cs","2938","64DF651B167DDAA2F7A256997F6CB2EB058222480E642B1A5B91FBE0EBD79213"
"unity\Packages\com.unity.robotics.ros-tcp-connector\Runtime\Messages\Octomap\msg\OctomapMsg.cs.meta","243","11498F44D6C164F068DD4C4A425E05E73955BA12391115BDA67656E3716F6A50"
"unity\Packages\com.unity.robotics.ros-tcp-connector\Runtime\Messages\Octomap\msg\OctomapWithPoseMsg.cs","2323","85D2B6DE071797F17966352E018CD8E4A08E68ADD494A71945E628C62CB24250"
"unity\Packages\com.unity.robotics.ros-tcp-connector\Runtime\Messages\Octomap\msg\OctomapWithPoseMsg.cs.meta","243","1CB4661B3A5CCF363EF26A13A4F7A7FED7EDBE1E023758823852534D9F035875"
"unity\Packages\com.unity.robotics.ros-tcp-connector\Runtime\Messages\Octomap\srv\BoundingBoxQueryRequest.cs","2131","E287C2CE266D3A62CD0411E52159922F1ADBBFE9D30EFCC690D57CCB962405CC"
"unity\Packages\com.unity.robotics.ros-tcp-connector\Runtime\Messages\Octomap\srv\BoundingBoxQueryRequest.cs.meta","243","E1331E333BC69BCFB2315B9608B0E0A79EEFFFC3C8FCD5ED201DCC4EA2691BDC"
"unity\Packages\com.unity.robotics.ros-tcp-connector\Runtime\Messages\Octomap\srv\BoundingBoxQueryResponse.cs","1281","1BBEFC6A41CA97730E07EA0C7F02ECAD3D01EB31BF3AA5864AA5B037C949DF39"
"unity\Packages\com.unity.robotics.ros-tcp-connector\Runtime\Messages\Octomap\srv\BoundingBoxQueryResponse.cs.meta","243","0C6BD93E39CDD3CD0B8E0B9EB19CFFFE3037266EF86C650A4F097BC9FA170166"
"unity\Packages\com.unity.robotics.ros-tcp-connector\Runtime\Messages\Octomap\srv\GetOctomapRequest.cs","1244","64FD690D21097C60921D7B7EA8D1D5E31026E5FF024A212338DFA2117F70A444"
"unity\Packages\com.unity.robotics.ros-tcp-connector\Runtime\Messages\Octomap\srv\GetOctomapRequest.cs.meta","243","F62E414EB758C798D82300AB0B1E4F203B47508A6CBB935382684C19B5A58C72"
"unity\Packages\com.unity.robotics.ros-tcp-connector\Runtime\Messages\Octomap\srv\GetOctomapResponse.cs","1553","1883CDF13CBD7CBB6089050DC4B1F3E8AB7284AB05D81FDF8C14C98F654C7AF7"
"unity\Packages\com.unity.robotics.ros-tcp-connector\Runtime\Messages\Octomap\srv\GetOctomapResponse.cs.meta","243","644153C90D42E282781732F5BC7E06EB90054D50EFC09771BA8C5F05B556DE58"
"unity\Packages\com.unity.robotics.ros-tcp-connector\Runtime\Messages\Rosgraph\msg.meta","172","8FE05A6311248B62EE08974C3AB192636BBC6A69D26240622473C63863321A17"
"unity\Packages\com.unity.robotics.ros-tcp-connector\Runtime\Messages\Rosgraph\msg\ClockMsg.cs","1690","B39A84B99DD44C142BF78FC62242A2064B30320F94F0BC09D93D80A42900C8F4"
"unity\Packages\com.unity.robotics.ros-tcp-connector\Runtime\Messages\Rosgraph\msg\ClockMsg.cs.meta","243","4C85D52C215AB05C39E715E0BC1415AD807CF93029C76D14E2C1585917525569"
"unity\Packages\com.unity.robotics.ros-tcp-connector\Runtime\Messages\Rosgraph\msg\LogMsg.cs","3844","5F222EF8FF5C5A079D6E486BB4643E1038C70050ED2A0D4018BB23AEDD42AA4A"
"unity\Packages\com.unity.robotics.ros-tcp-connector\Runtime\Messages\Rosgraph\msg\LogMsg.cs.meta","243","95AE64257375946FA1A74059083A5A09E20FE17BEB22EF5BF838B534B1AEAA8D"
"unity\Packages\com.unity.robotics.ros-tcp-connector\Runtime\Messages\Rosgraph\msg\TopicStatisticsMsg.cs","6228","8F59EBAFB3F5DBE24FDB2183076A71B1F00CB39568548DCA6FFA33B4E2D2A8B0"
"unity\Packages\com.unity.robotics.ros-tcp-connector\Runtime\Messages\Rosgraph\msg\TopicStatisticsMsg.cs.meta","243","B3ADF6C5D915581CEA492CAA90DC5DE5729F2005CD4A56B3237E85C1026963F7"
"unity\Packages\com.unity.robotics.ros-tcp-connector\Runtime\Messages\Sensor\msg.meta","172","8783CBD7E68F7DECC882B4093DEE236909C0BC44A3749C4BCDF27BA94975D9E1"
"unity\Packages\com.unity.robotics.ros-tcp-connector\Runtime\Messages\Sensor\srv.meta","172","E44672BDD4D915D1B1C18EB7388664893899A04BE7D160FB99053B7E7FC7C95D"
"unity\Packages\com.unity.robotics.ros-tcp-connector\Runtime\Messages\Sensor\msg\BatteryStateMsg.cs","9113","564947296652FB05D6DDC939F825E3F3EBB3E88E32B3D821BB1DD0A5FB80C55F"
"unity\Packages\com.unity.robotics.ros-tcp-connector\Runtime\Messages\Sensor\msg\BatteryStateMsg.cs.meta","243","697137A622705C20072A21AC176F792B349FD4673E47FCFD7E4BAFB6716188AD"
"unity\Packages\com.unity.robotics.ros-tcp-connector\Runtime\Messages\Sensor\msg\ChannelFloat32Msg.cs","3031","1B6017E171DC004E7F36C3F63A871C7A1484DE5654496DF49752C0DF5981A49A"
"unity\Packages\com.unity.robotics.ros-tcp-connector\Runtime\Messages\Sensor\msg\ChannelFloat32Msg.cs.meta","243","806CFD87EA7EDE000BE1551D8205F66CE8993439B59634A4E0C0F3C0F2CEFA68"
"unity\Packages\com.unity.robotics.ros-tcp-connector\Runtime\Messages\Sensor\msg\CompressedImageMsg.cs","2692","CCDE619D9E577B0F0D0800C23CD0EC85D796B834D857311F24036C6B465A4E99"
"unity\Packages\com.unity.robotics.ros-tcp-connector\Runtime\Messages\Sensor\msg\CompressedImageMsg.cs.meta","243","B558D43593B270FA18CE86BA04DD5E5AA26B6A6852AD4679F5C1B2D086234D77"
"unity\Packages\com.unity.robotics.ros-tcp-connector\Runtime\Messages\Sensor\msg\FluidPressureMsg.cs","2627","A8EE38FCFCD8B40AB3DEEF9F446B83AC17D53D4503F90D32B16306BFD577C14F"
"unity\Packages\com.unity.robotics.ros-tcp-connector\Runtime\Messages\Sensor\msg\FluidPressureMsg.cs.meta","243","9CF2FED132067CFD213EF39440E9BB19744B7297A0BB964C555567F5CBF42C01"
"unity\Packages\com.unity.robotics.ros-tcp-connector\Runtime\Messages\Sensor\msg\IlluminanceMsg.cs","3133","840F3D056B88450129570354144383F6418A8F9EF8B25ADC706AB1DC37D86540"
"unity\Packages\com.unity.robotics.ros-tcp-connector\Runtime\Messages\Sensor\msg\IlluminanceMsg.cs.meta","243","93EEC09605C59F536DE65B7224F2B4B08B9CF18339F4F9D14F00F23C60DED525"
"unity\Packages\com.unity.robotics.ros-tcp-connector\Runtime\Messages\Sensor\msg\ImageMsg.cs","4302","C24E388355E76833F54DAB2DFA1260BBA40EC590021072647AFAFF74F18FEADD"
"unity\Packages\com.unity.robotics.ros-tcp-connector\Runtime\Messages\Sensor\msg\ImageMsg.cs.meta","243","2599D806FE14386F945FC8A44883D398877B40CA55E0FE0DC1BE824A6A842318"
"unity\Packages\com.unity.robotics.ros-tcp-connector\Runtime\Messages\Sensor\msg\ImuMsg.cs","5258","390797E78E9182E38B0767D9B54F1DC97DA686051182D12E0A349D799889BF5A"
"unity\Packages\com.unity.robotics.ros-tcp-connector\Runtime\Messages\Sensor\msg\ImuMsg.cs.meta","243","435E4104DE2601D2DA5422564C6AED9D0B0FD3C192F6148C9A075065A20827C0"
"unity\Packages\com.unity.robotics.ros-tcp-connector\Runtime\Messages\Sensor\msg\JointStateMsg.cs","4116","3085711F605B23DC321B3F473C27616F018FA92944B2FEC07D48380D8C8C0B21"
"unity\Packages\com.unity.robotics.ros-tcp-connector\Runtime\Messages\Sensor\msg\JointStateMsg.cs.meta","243","B799616CD19387F906B7DBE48DFC18F9B3D671A4F7DB059CB0CD33617D2B486C"
"unity\Packages\com.unity.robotics.ros-tcp-connector\Runtime\Messages\Sensor\msg\JoyFeedbackArrayMsg.cs","1743","7F1A4D2F9950C62517FFBBF28A2B2AE7B129A0E9AD05E930B29F679ED86EBCBA"
"unity\Packages\com.unity.robotics.ros-tcp-connector\Runtime\Messages\Sensor\msg\JoyFeedbackArrayMsg.cs.meta","243","2D61979D2F23CBFD0986590B3EBD541ABBBF4DDF8D2E0FBA12FEF93C1AAC231B"
"unity\Packages\com.unity.robotics.ros-tcp-connector\Runtime\Messages\Sensor\msg\JoyFeedbackMsg.cs","2411","85C0FE6AC83F62CFFF19361D3C3662A41265E38C3D14C7C9F43370D5477E8670"
"unity\Packages\com.unity.robotics.ros-tcp-connector\Runtime\Messages\Sensor\msg\JoyFeedbackMsg.cs.meta","243","4892BB4CE012B4FCE3C7C69264267BDBDDBA451DBB641AD85A326F356F0D37A4"
"unity\Packages\com.unity.robotics.ros-tcp-connector\Runtime\Messages\Sensor\msg\JoyMsg.cs","2441","98CE5836F755ED67E68EF657DFE7B19B33DE884A5E4376D3098BAA3ED9182806"
"unity\Packages\com.unity.robotics.ros-tcp-connector\Runtime\Messages\Sensor\msg\JoyMsg.cs.meta","243","78A31323D340BF77E9E2DC57061E4B95A483631421D3768BB20CAE32DD8D06F1"
"unity\Packages\com.unity.robotics.ros-tcp-connector\Runtime\Messages\Sensor\msg\LaserEchoMsg.cs","1826","EA5D5FA6BB8148FE544C312F276649A41130683FD4008D55728D2ABFDCD5584F"
"unity\Packages\com.unity.robotics.ros-tcp-connector\Runtime\Messages\Sensor\msg\LaserEchoMsg.cs.meta","243","479CBB5CC3EA46469EB7597F04DAB5BD49A4B903B34762FBBEB22335E407CD99"
"unity\Packages\com.unity.robotics.ros-tcp-connector\Runtime\Messages\Sensor\msg\LaserScanMsg.cs","5586","AB84375C7F2A32B72ACCFACA14ABE0CCC647B80FF21733C23FA1E5CEE16DD74C"
"unity\Packages\com.unity.robotics.ros-tcp-connector\Runtime\Messages\Sensor\msg\LaserScanMsg.cs.meta","243","D81087A4A8198808DA981713FF82A1E5F186A1F18712057E07ECE20EFCE7695E"
"unity\Packages\com.unity.robotics.ros-tcp-connector\Runtime\Messages\Sensor\msg\MagneticFieldMsg.cs","3351","DBFB520B61125D79549BE9C55B444A8794E0A2E714626F91E3D8574276839685"
"unity\Packages\com.unity.robotics.ros-tcp-connector\Runtime\Messages\Sensor\msg\MagneticFieldMsg.cs.meta","243","3DEB19C42557FE67CA7540BD7D5919A45550B2F21CE27C600D633EA71FEBA16F"
"unity\Packages\com.unity.robotics.ros-tcp-connector\Runtime\Messages\Sensor\msg\MultiDOFJointStateMsg.cs","4576","CD147E2F25DB1865EB95ADF007F40ABCA97EF7101267E4B075149CD89B610DFD"
"unity\Packages\com.unity.robotics.ros-tcp-connector\Runtime\Messages\Sensor\msg\MultiDOFJointStateMsg.cs.meta","243","122A20227C77315D9C65BE352A332A98EA61C58B98BCE3C23A9657C117532F39"
"unity\Packages\com.unity.robotics.ros-tcp-connector\Runtime\Messages\Sensor\msg\MultiEchoLaserScanMsg.cs","5859","32E2DFA4E28D16E6676CFBC97369B4C36317FA22C8A9147E5A06C069DF97E722"
"unity\Packages\com.unity.robotics.ros-tcp-connector\Runtime\Messages\Sensor\msg\MultiEchoLaserScanMsg.cs.meta","243","78347A921E7D94C85FD806D82653693C502004CDABBAC6F6C789D833A2872D04"
"unity\Packages\com.unity.robotics.ros-tcp-connector\Runtime\Messages\Sensor\msg\NavSatFixMsg.cs","5218","93481B2565022F5C97DF304B2E13910A5E065D15EB2982E3F826CE46E4AC8197"
"unity\Packages\com.unity.robotics.ros-tcp-connector\Runtime\Messages\Sensor\msg\NavSatFixMsg.cs.meta","243","F00C16C75844BB94B0E968DB11F56B8F0BF83AB82B138FA60A8C4E3B905E5B31"
"unity\Packages\com.unity.robotics.ros-tcp-connector\Runtime\Messages\Sensor\msg\NavSatStatusMsg.cs","2673","DDB83E56EB18661F39949912229FF4DBE5FE435EB5A2722ED317A47E048D429E"
"unity\Packages\com.unity.robotics.ros-tcp-connector\Runtime\Messages\Sensor\msg\NavSatStatusMsg.cs.meta","243","48E92541B105490A5DBFE0371AC24D9C95F82ED6DAB4E9EEC6B53E5E98DECD7A"
"unity\Packages\com.unity.robotics.ros-tcp-connector\Runtime\Messages\Sensor\msg\PointCloud2Msg.cs","4897","4E741377D57720CAA7BEE0152292728C825584E248E99E8863807A60524773E3"
"unity\Packages\com.unity.robotics.ros-tcp-connector\Runtime\Messages\Sensor\msg\PointCloud2Msg.cs.meta","243","5B0F42005E28AA3D5EDA29A522526E00FE926B5B7656DD68F4B6542D1CFBFF3D"
"unity\Packages\com.unity.robotics.ros-tcp-connector\Runtime\Messages\Sensor\msg\PointCloudMsg.cs","3053","1FE268E653132D821C40767A6A45C7FFF5C0AD9074041A212F803D0343F020F3"
"unity\Packages\com.unity.robotics.ros-tcp-connector\Runtime\Messages\Sensor\msg\PointCloudMsg.cs.meta","243","6C89055C9E38C7481D21898432BB3903D1B6DB39A4F332EE1D10C53314F7596E"
"unity\Packages\com.unity.robotics.ros-tcp-connector\Runtime\Messages\Sensor\msg\PointFieldMsg.cs","2825","310F340A97969F0E495FD6131DAAECC47D1F7CF201E8AFE3439A8A72FD93B72E"
"unity\Packages\com.unity.robotics.ros-tcp-connector\Runtime\Messages\Sensor\msg\PointFieldMsg.cs.meta","243","AC005ACD01387F7958335E2EDC332AB7DF6F57727566545855A22F9D2E496163"
"unity\Packages\com.unity.robotics.ros-tcp-connector\Runtime\Messages\Sensor\msg\RangeMsg.cs","4756","8E7BFCA80138DED3ED882E597CCA7567E6E8A9FF689ACA3889CB07F1B22B957B"
"unity\Packages\com.unity.robotics.ros-tcp-connector\Runtime\Messages\Sensor\msg\RangeMsg.cs.meta","243","F897B7D80F587B65464E355F292E3C06491ECED1B6F777B12C9EF044FE25CE75"
"unity\Packages\com.unity.robotics.ros-tcp-connector\Runtime\Messages\Sensor\msg\RegionOfInterestMsg.cs","3455","89741195FEE63D8D8471196868C37C84AE79C9218FC0D7CD214C2961E56BCC09"
"unity\Packages\com.unity.robotics.ros-tcp-connector\Runtime\Messages\Sensor\msg\RegionOfInterestMsg.cs.meta","243","CA831CAC9ADC9CC8FCC94BDE316D7002DC5882B896E6AAA89AA37A36161FBF50"
"unity\Packages\com.unity.robotics.ros-tcp-connector\Runtime\Messages\Sensor\msg\RelativeHumidityMsg.cs","2702","BE192FCCFBFD5BC784D2422773D8468B8FA30878BA6E092EC465F5333BE74B47"
"unity\Packages\com.unity.robotics.ros-tcp-connector\Runtime\Messages\Sensor\msg\RelativeHumidityMsg.cs.meta","243","01E15E74936780778ECDB3BFE234D19439B9C2CA1C945D9F4B148FCD8359BC84"
"unity\Packages\com.unity.robotics.ros-tcp-connector\Runtime\Messages\Sensor\msg\TemperatureMsg.cs","2362","3F37E29B4181835AC2BDCD91484612C8C2F7A22A93B4CC940DBA62DD5D911850"
"unity\Packages\com.unity.robotics.ros-tcp-connector\Runtime\Messages\Sensor\msg\TemperatureMsg.cs.meta","243","182DB034CE5A22C9EA4F1854F14C020B2FBA7255BF69B491B9AF76640F312B44"
"unity\Packages\com.unity.robotics.ros-tcp-connector\Runtime\Messages\Sensor\msg\TimeReferenceMsg.cs","2449","2ED062E148D2E4E6E2389175645127E50F3504A03004BB3AB770D02F62AC8028"
"unity\Packages\com.unity.robotics.ros-tcp-connector\Runtime\Messages\Sensor\msg\TimeReferenceMsg.cs.meta","243","AB9E681F7E3C920F1292B1B75ED4C1679498C51330DB4FE83ACA943D2021E7FD"
"unity\Packages\com.unity.robotics.ros-tcp-connector\Runtime\Messages\Sensor\srv\SetCameraInfoRequest.cs","2101","AE4CD4DD4E850CAB010F2DF3B4795A0B5EE9656BD363ED91A420089E234C7DB6"
"unity\Packages\com.unity.robotics.ros-tcp-connector\Runtime\Messages\Sensor\srv\SetCameraInfoRequest.cs.meta","243","B34165DAFDAE50B031742ACDDE7EAACD7D11E721708DD32639CEA1B5B1608653"
"unity\Packages\com.unity.robotics.ros-tcp-connector\Runtime\Messages\Sensor\srv\SetCameraInfoResponse.cs","1963","B43AC1CD394E8EEB6B64333B43FC76777D430B7E4EFFF89F9F56794315CB6847"
"unity\Packages\com.unity.robotics.ros-tcp-connector\Runtime\Messages\Sensor\srv\SetCameraInfoResponse.cs.meta","243","3728ABF2332D7BA7C5605785DF67B7427F8E3103512E0D17E0FC8DBEAA55E734"
"unity\Packages\com.unity.robotics.ros-tcp-connector\Runtime\Messages\Shape\msg.meta","172","CB86AB3805A40FDD448D0A55D984E9EC78048A1F4A79346493F205A853DA18AA"
"unity\Packages\com.unity.robotics.ros-tcp-connector\Runtime\Messages\Shape\msg\MeshMsg.cs","2233","B5D001BC3AC97F66D08DEF6CE99E8BA187D0EB591CD5CA05730D661EAE5FE287"
"unity\Packages\com.unity.robotics.ros-tcp-connector\Runtime\Messages\Shape\msg\MeshMsg.cs.meta","243","C7078600DB8035B4303C9A7062763ACF4F8C4CE9B35B0D0D39A96D7BD721829F"
"unity\Packages\com.unity.robotics.ros-tcp-connector\Runtime\Messages\Shape\msg\MeshTriangleMsg.cs","1650","150D91A9809D6542BD036C3AAD98898B20DFFC9C8805F21C41F582EBEEA7C065"
"unity\Packages\com.unity.robotics.ros-tcp-connector\Runtime\Messages\Shape\msg\MeshTriangleMsg.cs.meta","243","6FCB89B9128ECF5CC5256DB48F1DF60DA0B0C2CFF669C1C9B5C5A55318AAD30D"
"unity\Packages\com.unity.robotics.ros-tcp-connector\Runtime\Messages\Shape\msg\PlaneMsg.cs","1661","CED95FE582BD7C68A583768886A0E6F063ADF0BDF3F1BC243C86123FA2062516"
"unity\Packages\com.unity.robotics.ros-tcp-connector\Runtime\Messages\Shape\msg\PlaneMsg.cs.meta","243","0D021E81168C6800178080B4242F96F05FFF3A65F4EBB10E910326E01D256760"
"unity\Packages\com.unity.robotics.ros-tcp-connector\Runtime\Messages\Shape\msg\SolidPrimitiveMsg.cs","3454","DCF476CB708F6A62060098B17DF82FB24C9497F17C3B873FC894E427DEA9CD50"
"unity\Packages\com.unity.robotics.ros-tcp-connector\Runtime\Messages\Shape\msg\SolidPrimitiveMsg.cs.meta","243","120847DF71C150584CE0FCD017DAC62E4AF637483B91340006E278A68D0BA7B0"
"unity\Packages\com.unity.robotics.ros-tcp-connector\Runtime\Messages\Std\msg.meta","172","44D53EFC9C3EBC7310B366BD6D82965A127BD5C9DB09A77DF5DC889AA4758A24"
"unity\Packages\com.unity.robotics.ros-tcp-connector\Runtime\Messages\Std\srv.meta","172","6EF16790AD3110BE0189687131C44C6998B21C5B89D690A101A597DF0DBC0571"
"unity\Packages\com.unity.robotics.ros-tcp-connector\Runtime\Messages\Std\msg\BoolMsg.cs","1682","AB108C7EC532E9E243236516BCA6FE6300C62571C7E3E690BFBDD4C94E8558DC"
"unity\Packages\com.unity.robotics.ros-tcp-connector\Runtime\Messages\Std\msg\BoolMsg.cs.meta","243","D1E7EFB46CB8957ED0383CFAB6A9B60A306174837254F1576D2339379C1EE74E"
"unity\Packages\com.unity.robotics.ros-tcp-connector\Runtime\Messages\Std\msg\ByteMsg.cs","1680","4E9BD1F6334C0BD8839CE385F9C6EC2B935AA97715EE78D889E162B2A70EB37F"
"unity\Packages\com.unity.robotics.ros-tcp-connector\Runtime\Messages\Std\msg\ByteMsg.cs.meta","243","82114F573ADB80384AEB8D5315E6F2F06B67192ECE37325507AE7CE920EE78CE"
"unity\Packages\com.unity.robotics.ros-tcp-connector\Runtime\Messages\Std\msg\ByteMultiArrayMsg.cs","2393","F61072149404E466E025977F6B5E248EE156C440BFCA5DDEC3A54D9C58E49DC6"
"unity\Packages\com.unity.robotics.ros-tcp-connector\Runtime\Messages\Std\msg\ByteMultiArrayMsg.cs.meta","243","974C22DB3D1FE7DE1041BEE0D3B82B657BC3ABC7BF4473A38ECD96BD118875F9"
"unity\Packages\com.unity.robotics.ros-tcp-connector\Runtime\Messages\Std\msg\CharMsg.cs","1678","48231D8B83BAEC5E43C89C747E978B35EDCE8EDD0BE3C0B073DADBC4A22CFD28"
"unity\Packages\com.unity.robotics.ros-tcp-connector\Runtime\Messages\Std\msg\CharMsg.cs.meta","243","6C078B2309A2958C9DC2EE6C7A2FA3E035C6EB098B4B63E7FD592B0DA9E9E52E"
"unity\Packages\com.unity.robotics.ros-tcp-connector\Runtime\Messages\Std\msg\ColorRGBAMsg.cs","2012","B7FB52519F57ABF672EC7429CED11FB690F02BCA3609FDBD18CC63B8ADD617F7"
"unity\Packages\com.unity.robotics.ros-tcp-connector\Runtime\Messages\Std\msg\ColorRGBAMsg.cs.meta","243","ED703918112857F8F91B3AABCA1F57C5DB1C85DAD1F9836CE39E63D9446D22FE"
"unity\Packages\com.unity.robotics.ros-tcp-connector\Runtime\Messages\Std\msg\EmptyMsg.cs","1126","7B0D60A4184A10CFD0AAD89633FD35532196F33383A4F303486B71BD1B9AEDC5"
"unity\Packages\com.unity.robotics.ros-tcp-connector\Runtime\Messages\Std\msg\EmptyMsg.cs.meta","243","3E4287E47D3B027C0D49981874BF0E3387740D0992483759D00D405005DFF4D7"
"unity\Packages\com.unity.robotics.ros-tcp-connector\Runtime\Messages\Std\msg\Float32Msg.cs","1707","4B1475708A028E86EDD4F468A711371D8AC1DFEA499735FE971EFA34B98EAAAD"
"unity\Packages\com.unity.robotics.ros-tcp-connector\Runtime\Messages\Std\msg\Float32Msg.cs.meta","243","AAD98EF63E261FD0234D7D2F169B4DBB6A6579E7E2F54228034AB8FDDAD89278"
"unity\Packages\com.unity.robotics.ros-tcp-connector\Runtime\Messages\Std\msg\Float32MultiArrayMsg.cs","2417","12984F5E85778848CCBD20BDD06A17FCC3889E82B1F5252C30FCEFDB23F3F8F9"
"unity\Packages\com.unity.robotics.ros-tcp-connector\Runtime\Messages\Std\msg\Float32MultiArrayMsg.cs.meta","243","B47FC214EFF9C459001C440A2A1084E957BBD8065B9F3817ED0A69F2C85CBC87"
"unity\Packages\com.unity.robotics.ros-tcp-connector\Runtime\Messages\Std\msg\Float64Msg.cs","1708","49EEA93463E129787E2ACAFCD6E46C1B80F4FB5666935C744B271DCA04942595"
"unity\Packages\com.unity.robotics.ros-tcp-connector\Runtime\Messages\Std\msg\Float64Msg.cs.meta","243","DF39B409C3276B83FB8FBD8ADC238BD5AC0A0FBEAE3417959A19FAA711FB78D4"
"unity\Packages\com.unity.robotics.ros-tcp-connector\Runtime\Messages\Std\msg\Float64MultiArrayMsg.cs","2421","E3B275998C7E28D159A6C8BCDCB2DEA8CDDF462B24C215437B1C376E06AA14EE"
"unity\Packages\com.unity.robotics.ros-tcp-connector\Runtime\Messages\Std\msg\Float64MultiArrayMsg.cs.meta","243","D045B63E8093E299D5657117B48AFEA2CCEEF331EF5546ED884AD44F7AE03EF1"
"unity\Packages\com.unity.robotics.ros-tcp-connector\Runtime\Messages\Std\msg\Int16Msg.cs","1688","62F73E45BC6C4E2E620D6706BE1C6365C19B615A98B81E31D29C343628CD1CAD"
"unity\Packages\com.unity.robotics.ros-tcp-connector\Runtime\Messages\Std\msg\Int16Msg.cs.meta","243","8166357C38421E86E50818E4067D8DAEA43CE526B8660BAD595DC7C66BBA753A"
"unity\Packages\com.unity.robotics.ros-tcp-connector\Runtime\Messages\Std\msg\Int16MultiArrayMsg.cs","2401","97BD4B4479574B96D8FA39BD8E7CBCF921D7F28FD83BDDF7D5E98CABB1F6CEA8"
"unity\Packages\com.unity.robotics.ros-tcp-connector\Runtime\Messages\Std\msg\Int16MultiArrayMsg.cs.meta","243","070115354BC51613213DE859E2B31589EB6EA086B39A7D83F5E8F3047AF2471E"
"unity\Packages\com.unity.robotics.ros-tcp-connector\Runtime\Messages\Std\msg\Int32Msg.cs","1684","BF6894829AE9491EA341210B2D4878A817303131E1696CBFEDD13B6C452B47F1"
"unity\Packages\com.unity.robotics.ros-tcp-connector\Runtime\Messages\Std\msg\Int32Msg.cs.meta","243","1882C5E92595ED5F0006B149F48CF3E21BF5A79658CD7BE1B84004F321BB308C"
"unity\Packages\com.unity.robotics.ros-tcp-connector\Runtime\Messages\Std\msg\Int32MultiArrayMsg.cs","2393","A1C1144FA41EAA603A52472FDA128D3D314611FAA2581DECFC3BD3A94A4E3412"
"unity\Packages\com.unity.robotics.ros-tcp-connector\Runtime\Messages\Std\msg\Int32MultiArrayMsg.cs.meta","243","1920E98F1B90882FA5F42F0AD47E767FABBCC4E765FCF0EA28701D3F3F3E292F"
"unity\Packages\com.unity.robotics.ros-tcp-connector\Runtime\Messages\Std\msg\Int64Msg.cs","1686","C85816553C3C8608E9191A179BC8FE0AE04F9456843B1DEF08D1911AB9F40821"
"unity\Packages\com.unity.robotics.ros-tcp-connector\Runtime\Messages\Std\msg\Int64Msg.cs.meta","243","FF42DB0C38D98973B397AD611E3BDE7C43720B4D9E94F79449619F4A4D96189F"
"unity\Packages\com.unity.robotics.ros-tcp-connector\Runtime\Messages\Std\msg\Int64MultiArrayMsg.cs","2397","4037E0CC947E05062F74AF7607EB6850AD4F39A82864C6C3F766781C5477AA25"
"unity\Packages\com.unity.robotics.ros-tcp-connector\Runtime\Messages\Std\msg\Int64MultiArrayMsg.cs.meta","243","427ED90A2801A1786972FB2911CC3D38577AF7F09F02D1906373B28C823BABD9"
"unity\Packages\com.unity.robotics.ros-tcp-connector\Runtime\Messages\Std\msg\Int8Msg.cs","1680","A5C12F02C6B897B128B4FC0301C01E0BBCD00AD8662B2AE840F516ACB410229A"
"unity\Packages\com.unity.robotics.ros-tcp-connector\Runtime\Messages\Std\msg\Int8Msg.cs.meta","243","21C169BA466DF849E63638B7676978D7F926466D34448B1B9E530A9AEBA73DB7"
"unity\Packages\com.unity.robotics.ros-tcp-connector\Runtime\Messages\Std\msg\Int8MultiArrayMsg.cs","2393","15708D24CC2730244909D7105F7B57281FB4EAF2DCC843448EA0D37F770B7EC3"
"unity\Packages\com.unity.robotics.ros-tcp-connector\Runtime\Messages\Std\msg\Int8MultiArrayMsg.cs.meta","243","D23F6780382B515870386DCB2723C75A136CC5E1FA7B86AE1C0FABA9D60AC2EF"
"unity\Packages\com.unity.robotics.ros-tcp-connector\Runtime\Messages\Std\msg\MultiArrayDimensionMsg.cs","2405","4D36C7A7DAF5095E879441680A08927EEDE937F7028D311F7B9D888C5BF01E7E"
"unity\Packages\com.unity.robotics.ros-tcp-connector\Runtime\Messages\Std\msg\MultiArrayDimensionMsg.cs.meta","243","DC11C011868190A126C722AEA2C2C77BA65AE054554C4D1A7CAB5023572E6575"
"unity\Packages\com.unity.robotics.ros-tcp-connector\Runtime\Messages\Std\msg\MultiArrayLayoutMsg.cs","3358","721A4978917B1C99D250E6870B5CC64B99B11708EAD7CA56EFBF056C4B8CA899"
"unity\Packages\com.unity.robotics.ros-tcp-connector\Runtime\Messages\Std\msg\MultiArrayLayoutMsg.cs.meta","243","661FAF0BDEB8E712833B7CC3760B7DC1EC300D7F92FC7239C6A0E0AB684D85D5"
"unity\Packages\com.unity.robotics.ros-tcp-connector\Runtime\Messages\Std\msg\StringMsg.cs","1699","344D8C947014F8B766D5FF28B7A4840B3DB4E3274CB472EE86179A58612CC193"
"unity\Packages\com.unity.robotics.ros-tcp-connector\Runtime\Messages\Std\msg\StringMsg.cs.meta","243","45900DB3E062512A2983F5696032FC81ED4F4ECAB2A3BB98659F75BDF5D48D3E"
"unity\Packages\com.unity.robotics.ros-tcp-connector\Runtime\Messages\Std\msg\UInt16Msg.cs","1698","DFF5F43078576CA2A76A90248D39CB050214B6EFC539C93A4B2AACAF5F65E509"
"unity\Packages\com.unity.robotics.ros-tcp-connector\Runtime\Messages\Std\msg\UInt16Msg.cs.meta","243","AC3AB2D74B11239186495058D740DBAB4E42C91A55BAE2A1E712C97966F98804"
"unity\Packages\com.unity.robotics.ros-tcp-connector\Runtime\Messages\Std\msg\UInt16MultiArrayMsg.cs","2413","96BAFEECA907A0ACDE49E3A80121A106F942710EECCE60D6B1673DCE5C27BB05"
"unity\Packages\com.unity.robotics.ros-tcp-connector\Runtime\Messages\Std\msg\UInt16MultiArrayMsg.cs.meta","243","832E1DBE5BA452B14BD3C98BEA9FCDF7015DF164BBB75548AE21ADB4B301EC93"
"unity\Packages\com.unity.robotics.ros-tcp-connector\Runtime\Messages\Std\msg\UInt32Msg.cs","1694","E11BFEC048A48A58A018DCFBF676DD14437717624AA91B07A9DCF21EC51D87E6"
"unity\Packages\com.unity.robotics.ros-tcp-connector\Runtime\Messages\Std\msg\UInt32Msg.cs.meta","243","D9A86919A0CB8A91707C92D89B6BD97B894E79013DC7B0B50C9A5F2F4AEFD499"
"unity\Packages\com.unity.robotics.ros-tcp-connector\Runtime\Messages\Std\msg\UInt32MultiArrayMsg.cs","2405","BA649F621021D9BBF58F32F921AA128153809B7DFC1C9F4CB9509517A05A630F"
"unity\Packages\com.unity.robotics.ros-tcp-connector\Runtime\Messages\Std\msg\UInt32MultiArrayMsg.cs.meta","243","D5EEAD131F41A758FE8145E8EEB881A42B5128F05948A08832530FAE00DA964F"
"unity\Packages\com.unity.robotics.ros-tcp-connector\Runtime\Messages\Std\msg\UInt64Msg.cs","1696","76FFB809BF755AAC799678116FFDC5B51DBE745C95A071B0DE71872B39D5ACEA"
"unity\Packages\com.unity.robotics.ros-tcp-connector\Runtime\Messages\Std\msg\UInt64Msg.cs.meta","243","03B1DA1DFC41C5DF91FF5AC010BB22BEDD8998859E48AA2D39FD507F36D9B48E"
"unity\Packages\com.unity.robotics.ros-tcp-connector\Runtime\Messages\Std\msg\UInt64MultiArrayMsg.cs","2409","E9604326E5E4E6772775E32CEFE25FA17259C0672484573751355386DD9EED1D"
"unity\Packages\com.unity.robotics.ros-tcp-connector\Runtime\Messages\Std\msg\UInt64MultiArrayMsg.cs.meta","243","46B78A92F85A148FF17E4BEE50D3C3171BC96C0B9FC5F725C564AFF54629A8AC"
"unity\Packages\com.unity.robotics.ros-tcp-connector\Runtime\Messages\Std\msg\UInt8Msg.cs","1686","6B60165FD108F7F59D3BFEEF6309E12738E227FBD63A05BB922C88CEC129D450"
"unity\Packages\com.unity.robotics.ros-tcp-connector\Runtime\Messages\Std\msg\UInt8Msg.cs.meta","243","7BEE1EEFC34A845566C61BFFD877073BCBCE49AE961EDB603360596069303B38"
"unity\Packages\com.unity.robotics.ros-tcp-connector\Runtime\Messages\Std\msg\UInt8MultiArrayMsg.cs","2397","800AFA12E72D28DE2F7B160D0D636573AC895EB156EAE8930E257C31FB584F75"
"unity\Packages\com.unity.robotics.ros-tcp-connector\Runtime\Messages\Std\msg\UInt8MultiArrayMsg.cs.meta","243","2F04EA7B7AA98FEF71CD056D67BCEB7541CD690B67BE51B8871C6E45FB519617"
"unity\Packages\com.unity.robotics.ros-tcp-connector\Runtime\Messages\Std\srv\EmptyRequest.cs","1150","B44B53BE5D7BAA5454BE846186703A6093AF8656C0774E540E53F2962DDC30DB"
"unity\Packages\com.unity.robotics.ros-tcp-connector\Runtime\Messages\Std\srv\EmptyRequest.cs.meta","243","D7EC225025DE1410D0C57AA619A933F16D08FED7443C19D27BB8C5AD8ED1DB8E"
"unity\Packages\com.unity.robotics.ros-tcp-connector\Runtime\Messages\Std\srv\EmptyResponse.cs","1182","AF61890C62F6F63BE1CC2352B9495E29A449934CCA5FED123568124C1BF2344F"
"unity\Packages\com.unity.robotics.ros-tcp-connector\Runtime\Messages\Std\srv\EmptyResponse.cs.meta","243","9B4D45B7C47DF703170DB086A2C5A7CCDA1A9CDFE9F386E4097C691EE83FDF21"
"unity\Packages\com.unity.robotics.ros-tcp-connector\Runtime\Messages\Std\srv\SetBoolRequest.cs","1495","CB205653A3D984A1DF1ED297C5359E24E23C30E09302C125BD60892691699438"
"unity\Packages\com.unity.robotics.ros-tcp-connector\Runtime\Messages\Std\srv\SetBoolRequest.cs.meta","243","60E537AD0F32AF141D6405F92581CBBB1C204E9502C2725DC71C4C49440A6FC4"
"unity\Packages\com.unity.robotics.ros-tcp-connector\Runtime\Messages\Std\srv\SetBoolResponse.cs","1868","55DF330BC3A92AE6E6D901876E734D7EF6AD0472B5B0BD31B541D2EC045ACDE9"
"unity\Packages\com.unity.robotics.ros-tcp-connector\Runtime\Messages\Std\srv\SetBoolResponse.cs.meta","243","4536EE742CC58A8496FF4C5E07995DDEF54BD5636E1F5EE63A4C8AAAACAFD0F2"
"unity\Packages\com.unity.robotics.ros-tcp-connector\Runtime\Messages\Std\srv\TriggerRequest.cs","1164","B684CB0D720224FB91B10651AEB65D546EA0DA8E4DEDCD52DCABA7CBF6859CD3"
"unity\Packages\com.unity.robotics.ros-tcp-connector\Runtime\Messages\Std\srv\TriggerRequest.cs.meta","243","09BA0F350C8AE103144B8F0F2410A94AFA813D4341D2615A3901F0881F677951"
"unity\Packages\com.unity.robotics.ros-tcp-connector\Runtime\Messages\Std\srv\TriggerResponse.cs","1868","E6F54227CB1288BBD347E0A597D54036160A2ACAE69C01DA2658F993749E45B1"
"unity\Packages\com.unity.robotics.ros-tcp-connector\Runtime\Messages\Std\srv\TriggerResponse.cs.meta","243","9FCD3997F94A417090EAEDE294F62ABADE40265AB873704836FF7A9BAD9B2759"
"unity\Packages\com.unity.robotics.ros-tcp-connector\Runtime\Messages\Stereo\msg.meta","172","C8EC54E9EF8B425AA42DC490D061D6C43B7F4AE3C3627314AC07C327E282B32D"
"unity\Packages\com.unity.robotics.ros-tcp-connector\Runtime\Messages\Stereo\msg\DisparityImageMsg.cs","4678","0E470F4529464E84A36B6CCF7589250C70D24D27683F3CA475603EED6ACC1979"
"unity\Packages\com.unity.robotics.ros-tcp-connector\Runtime\Messages\Stereo\msg\DisparityImageMsg.cs.meta","243","280A544B8A87DD567D900F8ADC73A63DAC338300D45D1F20F60D90A1ED039F57"
"unity\Packages\com.unity.robotics.ros-tcp-connector\Runtime\Messages\Tf2\action.meta","172","7DDFFC4BC19D3B10709E4C9729F6409E9996B0B950F5ED80C43D6D8EFB5CE613"
"unity\Packages\com.unity.robotics.ros-tcp-connector\Runtime\Messages\Tf2\msg.meta","172","BA45B4FF498B421C66C2A10452D296F1446702BF7FCD5069D893AC6DDAAB9138"
"unity\Packages\com.unity.robotics.ros-tcp-connector\Runtime\Messages\Tf2\srv.meta","172","F406A33C74A2AC6E628214C94FD9F57B617438E5607E1F497B431AA74C158F86"
"unity\Packages\com.unity.robotics.ros-tcp-connector\Runtime\Messages\Tf2\action\LookupTransformAction.cs","1491","2A88CF430C97B6F0281114B32C6F249D805CC6B140363215C13FEA1013D01D7E"
"unity\Packages\com.unity.robotics.ros-tcp-connector\Runtime\Messages\Tf2\action\LookupTransformAction.cs.meta","243","C05B87431C567387F85814A2A470961E8C510657CB8FFD6C2A5D6EBDA7568883"
"unity\Packages\com.unity.robotics.ros-tcp-connector\Runtime\Messages\Tf2\action\LookupTransformActionFeedback.cs","1346","0EC667A2611E554B9FA88DE54C40F7A24AEBE929F170F25EB3FD4EA9F87BA190"
"unity\Packages\com.unity.robotics.ros-tcp-connector\Runtime\Messages\Tf2\action\LookupTransformActionFeedback.cs.meta","243","B45EE6F0BA3333323BEC89B8F530EC9A2502D9945854956D03BA850C6B30F8BA"
"unity\Packages\com.unity.robotics.ros-tcp-connector\Runtime\Messages\Tf2\action\LookupTransformActionGoal.cs","1273","EED3E26A6D4497DE0F427269A7D3D50216890E15BC00BF020CB9BFD0DF23B1FD"
"unity\Packages\com.unity.robotics.ros-tcp-connector\Runtime\Messages\Tf2\action\LookupTransformActionGoal.cs.meta","243","1B064FB3101883FA140237556F0F359AD778D05D34ED721A82898B15F4FB61E0"
"unity\Packages\com.unity.robotics.ros-tcp-connector\Runtime\Messages\Tf2\action\LookupTransformActionResult.cs","1310","88F798A175859FBF0C0CB0F4E3E23A6595DA915421361FD32E4AAA2B79017480"
"unity\Packages\com.unity.robotics.ros-tcp-connector\Runtime\Messages\Tf2\action\LookupTransformActionResult.cs.meta","243","BB13804D6550DF73A3F10C89C41288693E0B73F522C5C71C64DB85EB37675314"
"unity\Packages\com.unity.robotics.ros-tcp-connector\Runtime\Messages\Tf2\action\LookupTransformFeedback.cs","1252","873676AF78DB070F47D787208ACBEB8CB644736560F083F404921497BEEFAC1F"
"unity\Packages\com.unity.robotics.ros-tcp-connector\Runtime\Messages\Tf2\action\LookupTransformFeedback.cs.meta","243","7AE1073B138B92084F833237E70AF9FA66F7D1EF1A14761E4F4FF0FD0181AB9A"
"unity\Packages\com.unity.robotics.ros-tcp-connector\Runtime\Messages\Tf2\action\LookupTransformGoal.cs","3510","96CD43393B8ED80C54EA4B20AF62C93AA06CA6F8606E474C2BEB9BDB67CB151C"
"unity\Packages\com.unity.robotics.ros-tcp-connector\Runtime\Messages\Tf2\action\LookupTransformGoal.cs.meta","243","9F88BFB2490E71083FB38915DD01610013F9F28415945EC35B948AC3BE55694A"
"unity\Packages\com.unity.robotics.ros-tcp-connector\Runtime\Messages\Tf2\action\LookupTransformResult.cs","1961","7E4C9A17C04618B839CC4F23E558362DFC042CE7741DCE0FCC9A3EFC9AFEAAB4"
"unity\Packages\com.unity.robotics.ros-tcp-connector\Runtime\Messages\Tf2\action\LookupTransformResult.cs.meta","243","997CB16A8B2B2F122F8722E7FDE9828921D3B798A385B4B60828D4F65C0D9349"
"unity\Packages\com.unity.robotics.ros-tcp-connector\Runtime\Messages\Tf2\msg\TF2ErrorMsg.cs","2061","B3760B11122866CE27561E7B2AAA5AD078291FD425467FF9728C4E2F23790FD8"
"unity\Packages\com.unity.robotics.ros-tcp-connector\Runtime\Messages\Tf2\msg\TF2ErrorMsg.cs.meta","243","678D180D952A2C5EE73F0CEF7FA9006B4DA3D4B2115D877C555F3568141F6EDF"
"unity\Packages\com.unity.robotics.ros-tcp-connector\Runtime\Messages\Tf2\msg\TFMessageMsg.cs","1714","AF72D3CE5590908BE7A933CC001B0AD728652459FBD5834A17219F409941EF2B"
"unity\Packages\com.unity.robotics.ros-tcp-connector\Runtime\Messages\Tf2\msg\TFMessageMsg.cs.meta","243","44EF466CCD3615A74728796EBF41F718716E5C5CF5E1F6236FA492133704EC11"
"unity\Packages\com.unity.robotics.ros-tcp-connector\Runtime\Messages\Tf2\srv\FrameGraphRequest.cs","1185","2E1950CAFF105C18F0C6F5FA3F41BF010E7E31146976B8EAE899BC1C5F1AE346"
"unity\Packages\com.unity.robotics.ros-tcp-connector\Runtime\Messages\Tf2\srv\FrameGraphRequest.cs.meta","243","E3398F5706F5A51D8459DD31B7EA3FD18BFFBE5BE47BAC46CA2FD13E52003257"
"unity\Packages\com.unity.robotics.ros-tcp-connector\Runtime\Messages\Tf2\srv\FrameGraphResponse.cs","1556","7DA222FFDF9688133995C72F6465C47A495E431D7CDDE397C7CDA7D8862E5B75"
"unity\Packages\com.unity.robotics.ros-tcp-connector\Runtime\Messages\Tf2\srv\FrameGraphResponse.cs.meta","243","BC4F3CD8C70A22E5EA2E1D7083A0CE60A2A51229E2A2E4AF5A36B6B4C7B063B3"
"unity\Packages\com.unity.robotics.ros-tcp-connector\Runtime\Messages\Trajectory\msg.meta","172","263F01E73537433964CE89A88C53A7C41D0EB3C9F2D7B4E8988B9611464FB87B"
"unity\Packages\com.unity.robotics.ros-tcp-connector\Runtime\Messages\Trajectory\msg\JointTrajectoryMsg.cs","2874","C7FFE5752F5CD596D399542EFDF654C9344A0CC753DCA6096C9030FCDB1480DD"
"unity\Packages\com.unity.robotics.ros-tcp-connector\Runtime\Messages\Trajectory\msg\JointTrajectoryMsg.cs.meta","243","4D708CA7A918D2AE39A04841B81D0E97421969F88B4BB05AB0D1659A00BBFE0C"
"unity\Packages\com.unity.robotics.ros-tcp-connector\Runtime\Messages\Trajectory\msg\JointTrajectoryPointMsg.cs","4605","B07F94ACA4CDE8F8E92844C15B1AFB6C569C68B6754729AC75F0CFC52BB943D5"
"unity\Packages\com.unity.robotics.ros-tcp-connector\Runtime\Messages\Trajectory\msg\JointTrajectoryPointMsg.cs.meta","243","7B4D331E0B1DAC83418322F1946B61EB2EAB64A694032D0BC4A18763C0B0FBD4"
"unity\Packages\com.unity.robotics.ros-tcp-connector\Runtime\Messages\Trajectory\msg\MultiDOFJointTrajectoryMsg.cs","2972","6138AAD21EF231B9136D08A840F3905BFF4BEE8E0DBC8171CD0F8E20BED20ECA"
"unity\Packages\com.unity.robotics.ros-tcp-connector\Runtime\Messages\Trajectory\msg\MultiDOFJointTrajectoryMsg.cs.meta","243","6B6FFF80183A1CCD8CF882D89F957D99E216BE6158A682FC6ADCB5BAB73832E6"
"unity\Packages\com.unity.robotics.ros-tcp-connector\Runtime\Messages\Trajectory\msg\MultiDOFJointTrajectoryPointMsg.cs","3570","29A480123BAD68AA185DD5040183BC36A67B4A89096C3A2A469A9BC8965078D1"
"unity\Packages\com.unity.robotics.ros-tcp-connector\Runtime\Messages\Trajectory\msg\MultiDOFJointTrajectoryPointMsg.cs.meta","243","8BF154DE52DD60817CBED1FCAE9D2537912D100DE6BDD2C2BD263C9740485994"
"unity\Packages\com.unity.robotics.ros-tcp-connector\Runtime\Messages\Visualization\msg.meta","172","EFA625F95B2443675AB82B209B18AE45B8BFD64106DBD8BE5AF0C1A4C0711ADB"
"unity\Packages\com.unity.robotics.ros-tcp-connector\Runtime\Messages\Visualization\srv.meta","172","84F15F412FA88263CD26E287F6BAF7468BF36B7F99E4E1DD7D3357D0B1E01C3F"
"unity\Packages\com.unity.robotics.ros-tcp-connector\Runtime\Messages\Visualization\msg\ImageMarkerMsg.cs","6294","9D74282531785E4521018F5CA7A5CBA45DE0305CEBCBDEAB62BE69574014D64D"
"unity\Packages\com.unity.robotics.ros-tcp-connector\Runtime\Messages\Visualization\msg\ImageMarkerMsg.cs.meta","243","9BF0955BFB55065596294C2C4D41CE06A7A686B7F890FD33B5D0B5235E75A77F"
"unity\Packages\com.unity.robotics.ros-tcp-connector\Runtime\Messages\Visualization\msg\InteractiveMarkerControlMsg.cs","7140","336F0959AC562A2E2B34CB76CA501A6AABB3BCEBA13E04CA0FCB77EE558742A0"
"unity\Packages\com.unity.robotics.ros-tcp-connector\Runtime\Messages\Visualization\msg\InteractiveMarkerControlMsg.cs.meta","243","B853BD27C88BF4CF078AD72F803A2EFB7C74822BD8E17A125732A9D580715D63"
"unity\Packages\com.unity.robotics.ros-tcp-connector\Runtime\Messages\Visualization\msg\InteractiveMarkerFeedbackMsg.cs","5459","CB6EC83DD8CEDABBEB9DE7D149D62852842090A1E18D96E71886FC585804B031"
"unity\Packages\com.unity.robotics.ros-tcp-connector\Runtime\Messages\Visualization\msg\InteractiveMarkerFeedbackMsg.cs.meta","243","8A5A3EBBFB572F0E80D0BA1EC03B52BBC15991F5D863A1C101F500881CD565C4"
"unity\Packages\com.unity.robotics.ros-tcp-connector\Runtime\Messages\Visualization\msg\InteractiveMarkerInitMsg.cs","2798","01F311F29C6FD9149451BA254E630CA65D2EF2CE816608A5F6F1E6E907AF1D0E"
"unity\Packages\com.unity.robotics.ros-tcp-connector\Runtime\Messages\Visualization\msg\InteractiveMarkerInitMsg.cs.meta","243","26839F3BF0D6FBC0B04DAE516B6CB50400EBF82867EE5067F838BBB3A7B19976"
"unity\Packages\com.unity.robotics.ros-tcp-connector\Runtime\Messages\Visualization\msg\InteractiveMarkerMsg.cs","4375","A092765AB157B5A605016CD2D966DC5D2E4933BCE6275FBDC71201EA20386E77"
"unity\Packages\com.unity.robotics.ros-tcp-connector\Runtime\Messages\Visualization\msg\InteractiveMarkerMsg.cs.meta","243","3FDE33348D4898A2AF1ADFD413596E5C1E3A5248E73890B658E05799BECCEED6"
"unity\Packages\com.unity.robotics.ros-tcp-connector\Runtime\Messages\Visualization\msg\InteractiveMarkerPoseMsg.cs","2353","28033260DA0299BC331996AEF7EF4DCDA85DF83D0717D3FB8D540D30DD25D50C"
"unity\Packages\com.unity.robotics.ros-tcp-connector\Runtime\Messages\Visualization\msg\InteractiveMarkerPoseMsg.cs.meta","243","8E26014921B82B7885EE7535C423D393E3E4B72EBB3868EAEFAE77D177F7B86B"
"unity\Packages\com.unity.robotics.ros-tcp-connector\Runtime\Messages\Visualization\msg\InteractiveMarkerUpdateMsg.cs","4373","01BA1CF3B68C6C52EAB0E5C67C07C933987FD7A6C2096ACFF1A647510E158B47"
"unity\Packages\com.unity.robotics.ros-tcp-connector\Runtime\Messages\Visualization\msg\InteractiveMarkerUpdateMsg.cs.meta","243","D65CDD0FC983185A7300C5710ED5BF141AAD8240FA45379D779C819D8A2712C3"
"unity\Packages\com.unity.robotics.ros-tcp-connector\Runtime\Messages\Visualization\msg\MarkerArrayMsg.cs","1644","F949448904952C1BD3980F5054F8E8E65409306B07AA016375EC4D5B154F73AC"
"unity\Packages\com.unity.robotics.ros-tcp-connector\Runtime\Messages\Visualization\msg\MarkerArrayMsg.cs.meta","243","829A4A07D8999731AD33A9F0E875D63A44E52BAD06DC09CA6A138711A0733C16"
"unity\Packages\com.unity.robotics.ros-tcp-connector\Runtime\Messages\Visualization\msg\MarkerMsg.cs","7999","208D289084EDEC00A7BC182A6EB05BEA6F24D68B609C798658163151DBDA423E"
"unity\Packages\com.unity.robotics.ros-tcp-connector\Runtime\Messages\Visualization\msg\MarkerMsg.cs.meta","243","46A745A7EEEF59E7503AD5F7BBCFB22DAFAF5616BF12DAAD665AD8936DDCCE7B"
"unity\Packages\com.unity.robotics.ros-tcp-connector\Runtime\Messages\Visualization\msg\MenuEntryMsg.cs","4477","57BF6B3DE0D799CBAF124925B0DE0BA45E02BE1ACE71513BC4933AE1B546CA3D"
"unity\Packages\com.unity.robotics.ros-tcp-connector\Runtime\Messages\Visualization\msg\MenuEntryMsg.cs.meta","243","EEFEE4A9F7AC6404F65DDADED945FB7B1F983E3485CD640972FFC4B6770922BE"
"unity\Packages\com.unity.robotics.ros-tcp-connector\Runtime\Messages\Visualization\srv\GetInteractiveMarkersRequest.cs","1282","C32F016D59AA88C430C07C8A240FB70C2B6AB2306AA34FDA764D59EFCF57F8B9"
"unity\Packages\com.unity.robotics.ros-tcp-connector\Runtime\Messages\Visualization\srv\GetInteractiveMarkersRequest.cs.meta","243","7A338D81B56798F5F374D779EDA774C2BBFC45B227325D4F82B6CE85306D2A17"
"unity\Packages\com.unity.robotics.ros-tcp-connector\Runtime\Messages\Visualization\srv\GetInteractiveMarkersResponse.cs","2435","65249027CBA38FC874613BD6F9BBB44786019B134B1AB3C91C789292B41F24C4"
"unity\Packages\com.unity.robotics.ros-tcp-connector\Runtime\Messages\Visualization\srv\GetInteractiveMarkersResponse.cs.meta","243","6AEA6D49D600B0744011B99667D6141CC5FB878194D99280304DA1A5626132DE"
"unity\Packages\com.unity.robotics.ros-tcp-connector\Runtime\ROSGeometry\CoordinateSpaces.cs","18062","AA38BF7558CDF8E70AC6B9A518A3198CABF292DE3513FA68908E900BC4775D94"
"unity\Packages\com.unity.robotics.ros-tcp-connector\Runtime\ROSGeometry\CoordinateSpaces.cs.meta","243","23FC0D31A2AA28B8AF0CC34F8E286E899633F58CF8D5ABF5A51F52996BDBF34E"
"unity\Packages\com.unity.robotics.ros-tcp-connector\Runtime\ROSGeometry\GeometryCompass.cs","8628","7DCA608C0C7C77E462A98B4242A869B04012491BA76F9205D97B22D5A264A11D"
"unity\Packages\com.unity.robotics.ros-tcp-connector\Runtime\ROSGeometry\GeometryCompass.cs.meta","243","0B48506FFBB0E59735C1504FB7C01726FD82F9A93ED9DF243ABF760516B83D5B"
"unity\Packages\com.unity.robotics.ros-tcp-connector\Runtime\ROSGeometry\ROSQuaternion.cs","6152","36767A38882BA85718A7FA5A51FE1B1BF9EE2F2A1BE4ED9A2513A83506E2FA2B"
"unity\Packages\com.unity.robotics.ros-tcp-connector\Runtime\ROSGeometry\ROSQuaternion.cs.meta","243","0C9E11E97C26E5BC1E4CCC9B47354F41FDE1D6EE1F6745CCA622FD6E6F889F2D"
"unity\Packages\com.unity.robotics.ros-tcp-connector\Runtime\ROSGeometry\ROSVector3.cs","11118","368CA9C928F28764E8B7345F14C1B9071B56DA56FEE5196AEA1AFCE22951ED37"
"unity\Packages\com.unity.robotics.ros-tcp-connector\Runtime\ROSGeometry\ROSVector3.cs.meta","243","CD357B70FA966E3EDA93F47EECB7EAF3F2CEE1709A63402541930F369B97202C"
"unity\Packages\com.unity.robotics.ros-tcp-connector\Runtime\TcpConnector\HudPanel.cs","7053","C3E7DECD319F14F8D8C1D5ECA98314909165B64E94ED2826DE859215887695BF"
"unity\Packages\com.unity.robotics.ros-tcp-connector\Runtime\TcpConnector\HudPanel.cs.meta","243","70F027E27FEB61AE233FE72208F4AAFF3170DBE224CC801FDDD3F53F6A0ECC5F"
"unity\Packages\com.unity.robotics.ros-tcp-connector\Runtime\TcpConnector\HudWindow.cs","5112","18D5356E19E31995936FE40F1560675D5E516A2FDEACAECF1C572A87C29E5919"
"unity\Packages\com.unity.robotics.ros-tcp-connector\Runtime\TcpConnector\HudWindow.cs.meta","243","9DAF09706D4058032CEC8E6A33E2A7BBD4C48BCA6B730EAEEA95888D4EC98660"
"unity\Packages\com.unity.robotics.ros-tcp-connector\Runtime\TcpConnector\MessagePool.cs","1762","37B4DDF0DBFE40A34860A5209B13DE5B27D80E29A6A6F98A0DC61754226A852E"
"unity\Packages\com.unity.robotics.ros-tcp-connector\Runtime\TcpConnector\MessagePool.cs.meta","243","9FAD463DA1EAAC7FC0930A384C6BF6FDBD9CE7E61A42641798849F452949E5E3"
"unity\Packages\com.unity.robotics.ros-tcp-connector\Runtime\TcpConnector\OutgoingMessageSender.cs","3038","A57A0A8FF803E78F1ED073B8D9442ECB5FC01294813ACAF0EBB6EDA4061820C2"
"unity\Packages\com.unity.robotics.ros-tcp-connector\Runtime\TcpConnector\OutgoingMessageSender.cs.meta","86","BD0766CD439A02036F9861CD15DAA0A191A4A1CFBDC21589D46B2740B99A94D6"
"unity\Packages\com.unity.robotics.ros-tcp-connector\Runtime\TcpConnector\ROSConnection.cs","53588","16021927664F93326FD09000E4DC20D503DC98F73E3710D60FF75D36AE5A54CA"
"unity\Packages\com.unity.robotics.ros-tcp-connector\Runtime\TcpConnector\ROSConnection.cs.meta","246","26C3340C695BE94E95102A8ED8E4A9C678FFC6FAA9EAC3E8EBD421334ACF2014"
"unity\Packages\com.unity.robotics.ros-tcp-connector\Runtime\TcpConnector\RosTopicState.cs","10383","BCC784DA14FA2AB5623B7E53919BCBCAB2FD80DC665A9A81E4B8A35494E67E78"
"unity\Packages\com.unity.robotics.ros-tcp-connector\Runtime\TcpConnector\RosTopicState.cs.meta","243","65F1E4620A914841BDCDC5FF3664D54A3194E5518B4957F7F9E7C5191E16CF7C"
"unity\Packages\com.unity.robotics.ros-tcp-connector\Runtime\TcpConnector\SysCommand.cs","3705","75A0B8A1DD4B9A061500534B7FB91A65E43B2077560B6A69B47A9031E826EA2C"
"unity\Packages\com.unity.robotics.ros-tcp-connector\Runtime\TcpConnector\SysCommand.cs.meta","86","D9EF607B88C90FC9AB66C2B0FB06A4638C21234B0098B8FD1CD9697C2D47CE27"
"unity\Packages\com.unity.robotics.ros-tcp-connector\Runtime\TcpConnector\TaskPauser.cs","845","4C1AF69DCAE274F5B30F43891329B9F5A2DDD60B5B3300877C4240338EEA7B87"
"unity\Packages\com.unity.robotics.ros-tcp-connector\Runtime\TcpConnector\TaskPauser.cs.meta","243","51B4738F6FD0BBB15994E1A9446430C0CCB4A5E5AC17FE07941A97B5D542270B"
"unity\Packages\com.unity.robotics.ros-tcp-connector\Runtime\TcpConnector\TFAttachment.cs","716","15C3A6BFCF9CC14FCA3F5221702BC91ED7D149E2ADD591A263F5A72C6F00CE67"
"unity\Packages\com.unity.robotics.ros-tcp-connector\Runtime\TcpConnector\TFAttachment.cs.meta","243","B9A300C5203402D0EF19EAF263E5DB9DA0423B00A3289CBFA03D1DD6AD4C8E3D"
"unity\Packages\com.unity.robotics.ros-tcp-connector\Runtime\TcpConnector\TFStream.cs","6039","EEC842FAFF0485446EBCE78FFE96888D126FDD0C4C78756983377416030E328F"
"unity\Packages\com.unity.robotics.ros-tcp-connector\Runtime\TcpConnector\TFStream.cs.meta","243","8044F79EF3682043C9DC3DC92E83795C297FFDA49A1C7F252838EA3598F1DA06"
"unity\Packages\com.unity.robotics.ros-tcp-connector\Runtime\TcpConnector\TFSystem.cs","6268","19719F93BEF828094D7E9A13DD26ED6238D8D5BA2E6EF87B66DD057A06800706"
"unity\Packages\com.unity.robotics.ros-tcp-connector\Runtime\TcpConnector\TFSystem.cs.meta","243","83E258CE80C9D2ABC16F1F306D1F119E107F3BE9763E29D9A48F65B0AC568DF7"
"unity\Packages\com.unity.robotics.ros-tcp-connector\Runtime\TcpConnector\TopicMessageSender.cs","7240","F033336786F1F9677E7193DE4FC2C0C3DDAB404ED4F677DC8057AD98E7762B76"
"unity\Packages\com.unity.robotics.ros-tcp-connector\Runtime\TcpConnector\TopicMessageSender.cs.meta","86","2C634311E5E8E643C96D9F7A98C1973F311EABFC34365C91AE7017BC48C3C4DE"
"unity\Packages\com.unity.robotics.ros-tcp-connector\Tests\Editor.meta","172","F8E0DB8355138758E5BE664ED9C15F2FD1F33D464A15C53D6E377F0ACCCD8481"
"unity\Packages\com.unity.robotics.ros-tcp-connector\Tests\Runtime.meta","172","7680C191E1C6FD67EC838EB36F9CF85395D647D1C6480DCCDAD1BFA85651B39B"
"unity\Packages\com.unity.robotics.ros-tcp-connector\Tests\Editor\PlayerBuildTests.cs","2488","5781F9055D6E6B18E13C9C3A17DF3F9E005C2A038976988741CDDC2118154BB2"
"unity\Packages\com.unity.robotics.ros-tcp-connector\Tests\Editor\PlayerBuildTests.cs.meta","243","0E534532A96D0FB88DD09AB3826C80EF4D2B7A80D8CA89D531F54DE529F7DAC8"
"unity\Packages\com.unity.robotics.ros-tcp-connector\Tests\Editor\Unity.Robotics.ROSTCPConnector.Editor.Tests.asmdef","673","8B3977B1EB27B25574683AA5BD4F41FAF29A754A810E5432FE62AD411903F707"
"unity\Packages\com.unity.robotics.ros-tcp-connector\Tests\Editor\Unity.Robotics.ROSTCPConnector.Editor.Tests.asmdef.meta","166","4C42100F94E5BEE5FB90A4370DE5F49417BE791461980BF6802B90F787133737"
"unity\Packages\com.unity.robotics.ros-tcp-connector\Tests\Runtime\MessagePoolTests.cs","1527","71EBBC902C120573EE3BB30827F8FC3E622A313080050C9AEF7122E622481FEA"
"unity\Packages\com.unity.robotics.ros-tcp-connector\Tests\Runtime\MessagePoolTests.cs.meta","243","86C05CE3207618CFC5364B43618A25EA5317F3BA41F356FB0C5C71C2CEC3A7FD"
"unity\Packages\com.unity.robotics.ros-tcp-connector\Tests\Runtime\MessageTests.cs","5097","BCC5B1C27BB22B64CAFBBDEA4E4CDEEF90AAE77737A3F6760C80E06BDA4F514B"
"unity\Packages\com.unity.robotics.ros-tcp-connector\Tests\Runtime\MessageTests.cs.meta","243","638DC154EB7CC3885DA5A59BE6E73F6EA8A8BB283FE040935EF2C9AADF39378C"
"unity\Packages\com.unity.robotics.ros-tcp-connector\Tests\Runtime\RosConnectionTests.cs","1057","4F92825179BD6E9584DAA73043A8A090818C185ECDB02D079E3A27BAE826EDAF"
"unity\Packages\com.unity.robotics.ros-tcp-connector\Tests\Runtime\RosConnectionTests.cs.meta","243","EA3FF5DDA4ECE62078582335BE7CC8834EB77F492DA4FE8985F97AE8913CD890"
"unity\Packages\com.unity.robotics.ros-tcp-connector\Tests\Runtime\ROSGeometryTests.cs","5717","8C6CAF039857D6573722D5A45A81618A1D2D737F11447FD0BE4BA0FE75A1E5D1"
"unity\Packages\com.unity.robotics.ros-tcp-connector\Tests\Runtime\ROSGeometryTests.cs.meta","86","8905C74AEF5EF6D5858C5B73FE65D2DAE1EC99B1866CF15159892225BF7BDC5E"
"unity\Packages\com.unity.robotics.ros-tcp-connector\Tests\Runtime\SmokeTests.cs","649","C5595C802CF3C7906639C43D1868BB46213FD64974EFFCE9D3F7F9CB983E7BC7"
"unity\Packages\com.unity.robotics.ros-tcp-connector\Tests\Runtime\SmokeTests.cs.meta","243","A957FE9387675637FDC3253AFFF8A2CB934E324B1F75FD3435B54D6D2D9B80D6"
"unity\Packages\com.unity.robotics.ros-tcp-connector\Tests\Runtime\TFSystemTests.cs","9041","CFC99A197A2390F99CD0508FE16A53B2879761DE4F183738957E203B960DFA58"
"unity\Packages\com.unity.robotics.ros-tcp-connector\Tests\Runtime\TFSystemTests.cs.meta","243","A50BC8499084B8A9DA17D2A5D10D60C9D13A5E742DE5FECB6C0D6761AADEC9A7"
"unity\Packages\com.unity.robotics.ros-tcp-connector\Tests\Runtime\Unity.Robotics.RosTcpConnector.Runtime.Tests.asmdef","943","7861DE18945E98928DDBC87E1CCE238545231743E04DF1BF9D1B5D50F346BCAD"
"unity\Packages\com.unity.robotics.ros-tcp-connector\Tests\Runtime\Unity.Robotics.RosTcpConnector.Runtime.Tests.asmdef.meta","166","0148E1232E82301B6730F391CC80F1C80FDBAC06B553B01A609FCA5B8A7161B8"
"unity\ProjectSettings\AudioManager.asset","413","AEEDEB3243F07B61DBBE854AA08B5EF6F0B5274DD9852AD9F6129DDE3E105A31"
"unity\ProjectSettings\ClusterInputManager.asset","114","40E65DD214BF254955D2C8829CA8CE2130FD3510485560CE012E9A1DDD93E623"
"unity\ProjectSettings\DynamicsManager.asset","1254","B7C9A9DC08B98990109D4346F68745E15E238DE400F96C583E53E1C83C743A78"
"unity\ProjectSettings\EditorBuildSettings.asset","401","348BA1ECA4B0698957F264F877F76227B78583ACD3138FD5FC85BE92F158E261"
"unity\ProjectSettings\EditorSettings.asset","1585","32D6A9BE4C9AA9795A96BD951820A2D9BE1BFEFAB82ED05A5DB111AF0863938F"
"unity\ProjectSettings\GraphicsSettings.asset","2568","9C1BB28A2AAC0FEE9D3CFD844F6F345FE573F18D35A5C9FD3048B9E9A066C4DF"
"unity\ProjectSettings\InputManager.asset","9731","7A1BB836A1008D26D0860D143E9D9DF7CA41731D30A72901B518063819C62DF2"
"unity\ProjectSettings\MemorySettings.asset","1192","1E8379A461B10AE09F3F696911088C16875D63E87ED5F2D95DF9E1892703F9FD"
"unity\ProjectSettings\MultiplayerManager.asset","157","ABA89FD1A1DDAD182727AD82727E536D27372E90328A8196DA2A4560398983DD"
"unity\ProjectSettings\NavMeshAreas.asset","1308","80106CFA7E6181A1928B142C075F3E510D527441E3D79BC83590E4AC91E7CD66"
"unity\ProjectSettings\PackageManagerSettings.asset","1003","A7DABBA589ABE7FC2B45BD3D3FBA3FE9BE97043492703F716DA2D9131C13A807"
"unity\ProjectSettings\Physics2DSettings.asset","2028","E3CBDBF0BE15244B7B67D2F07BDB8E8981911C11A8C7FE8035F5261272FEC658"
"unity\ProjectSettings\PresetManager.asset","146","29C125923FE6E29F90190D4FCE1C82D660E7051546E2C9D02908D18C9CF2436C"
"unity\ProjectSettings\ProjectSettings.asset","25136","5C59BA45BDF21C9456AD7E44509C35E052E01528A6F5697C13DC23117E8707E1"
"unity\ProjectSettings\ProjectVersion.txt","85","F1602D70FC488767A13969E0160B3FAD2B1C1B48C374A92A65B162379EBD6036"
"unity\ProjectSettings\QualitySettings.asset","3662","6814D6CC3EB850DD7D2A069A8B17BA9F7591DEBA8B1758A855978BD9C8627643"
"unity\ProjectSettings\SceneTemplateSettings.json","3535","BB9098B3BFCDE78D93E264B96F7B77B5430E64E8C57A7AAD7F5A5D9C3945E16A"
"unity\ProjectSettings\ShaderGraphSettings.asset","556","CDBA1E5D65BCF6E3269D76ED3E60B6C21F98322002996642C9D74F1EB89F6B91"
"unity\ProjectSettings\TagManager.asset","658","2D22427FDF87C9EBB61F3C39F9A1F7E9EBA9F3497F8E275897E7044EC7C42134"
"unity\ProjectSettings\TimeManager.asset","202","1A83E54ADBBDA7C9F4851103A0C6AB7F6448A3343D4EA5B7620452FA08416ECD"
"unity\ProjectSettings\UnityConnectSettings.asset","1063","11251DAE0356B6F43DD2C67BB511F6B7ECDA4E5DE425186BBA3297E6F3DC1C6F"
"unity\ProjectSettings\URPProjectSettings.asset","411","596D5C8BF4F957B03684C949BEBC252AE1918F25415A1147A00684C4B086EFDA"
"unity\ProjectSettings\VersionControlSettings.asset","188","E7BDA45BF7A394745FEE1316E6C71FA676004D591AD1F3AA247FD3E4CEB86071"
"unity\ProjectSettings\VFXManager.asset","308","F066C6483919961332415EE64204F74FE52F38C02E82892EB02B7A5B2E381F0E"
"unity\ProjectSettings\XRSettings.asset","158","EDD2BEB4A2E388312B4B7DA241AA51070434005D82C59363F1237DD2E567585F"
